[1/1755] baseline-win32               small   #0  content=79.65 ms  window=71.86  obs=45.0  ok
[2/1755] cpp-d2d                      small   #0  content=67.35 ms  window=56.02  obs=48.92  ok
[3/1755] cpp-d2d-warp                 small   #0  content=78.16 ms  window=53.93  obs=46.71  ok
[4/1755] cpp-d2d-gpu                  small   #0  content=241.96 ms  window=52.93  obs=45.26  ok
[5/1755] cpp-richedit-wl-mt           small   #0  content=72.49 ms  window=62.09  obs=44.92  ok
[6/1755] cpp-richedit                 small   #0  content=82.46 ms  window=75.65  obs=62.55  ok
[7/1755] cpp-richedit-d2d             small   #0  content=87.29 ms  window=76.31  obs=45.61  ok
[8/1755] cpp-richedit-full            small   #0  content=90.01 ms  window=85.69  obs=67.36  ok
[9/1755] cpp-webview2                 small   #0  content=457.89 ms  window=86.7  obs=59.25  ok
[10/1755] cpp-webview2-default         small   #0  content=459.54 ms  window=78.36  obs=55.04  ok
[11/1755] litehtml-sciter-litehtml     small   #0  content=86.5 ms  window=61.53  obs=52.46  ok
[12/1755] litehtml-sciter-litehtml-gpu small   #0  content=248.04 ms  window=241.96  obs=52.11  ok
[13/1755] litehtml-sciter-sciter       small   #0  content=335.49 ms  window=318.13  obs=312.16  ok
[14/1755] blitz                        small   #0  content=125.11 ms  window=117.67  obs=78.83  ok
[15/1755] blitz-full                   small   #0  content=109.57 ms  window=101.35  obs=71.84  ok
[16/1755] blitz-gpu                    small   #0  content=745.86 ms  window=739.15  obs=92.2  ok
[17/1755] rust-gpu-egui-softfirst      small   #0  content=85.26 ms  window=78.19  obs=77.28  ok
[18/1755] rust-gpu-egui-softfirst-noime small   #0  content=76.09 ms  window=70.23  obs=69.41  ok
[19/1755] rust-gpu-egui-wgpu           small   #0  content=330.94 ms  window=97.65  obs=72.05  ok
[20/1755] rust-gpu-iced-tinyskia       small   #0  content=124.56 ms  window=118.29  obs=92.37  ok
[21/1755] rust-webview                 small   #0  content=519.4 ms  window=91.58  obs=66.85  ok
[22/1755] rust-webview-tao             small   #0  content=495.96 ms  window=222.41  obs=70.73  ok
[23/1755] rust-webview-tauri           small   #0  content=670.25 ms  window=586.0  obs=70.89  ok
[24/1755] qt                           small   #0  content=214.22 ms  window=207.39  obs=182.74  ok
[25/1755] qt-dll                       small   #0  content=154.79 ms  window=145.7  obs=119.91  ok
[26/1755] qt-full                      small   #0  content=137.58 ms  window=128.87  obs=105.66  ok
[27/1755] avalonia                     small   #0  content=135.57 ms  window=113.01  obs=93.13  ok
[28/1755] avalonia-exe                 small   #0  content=160.45 ms  window=135.33  obs=114.48  ok
[29/1755] avalonia-gpu                 small   #0  content=333.5 ms  window=283.85  obs=264.03  ok
[30/1755] avalonia-stock               small   #0  content=587.59 ms  window=515.88  obs=493.4  ok
[31/1755] winui3                       small   #0  content=310.03 ms  window=128.57  obs=124.54  ok
[32/1755] winui3-webview2              small   #0  content=516.75 ms  window=135.95  obs=131.88  ok
[33/1755] winui3-r2r                   small   #0  content=382.23 ms  window=238.27  obs=233.2  ok
[34/1755] winui3-fluent                small   #0  content=460.23 ms  window=346.27  obs=339.57  ok
[35/1755] wpf                          small   #0  content=288.32 ms  window=278.91  obs=235.1  ok
[36/1755] wpf-hw                       small   #0  content=321.47 ms  window=311.32  obs=259.6  ok
[37/1755] wpf-apphost                  small   #0  content=382.52 ms  window=370.56  obs=302.36  ok
[38/1755] wpf-plain                    small   #0  content=515.91 ms  window=508.03  obs=421.12  ok
[39/1755] electron                     small   #0  content=807.51 ms  window=693.62  obs=663.25  ok
[40/1755] electron-gpu                 small   #0  content=823.92 ms  window=654.33  obs=624.35  ok
[41/1755] electron-default             small   #0  content=866.98 ms  window=742.89  obs=718.64  ok
[42/1755] ext-vscode                   small   #0  content=1182.97 ms  window=None  obs=1182.97  ok
[43/1755] ext-void                     small   #0  content=1604.18 ms  window=None  obs=1604.18  ok
[44/1755] ext-cursor                   small   #0  content=2549.25 ms  window=None  obs=2549.25  ok
[45/1755] ext-notepad                  small   #0  content=599.93 ms  window=None  obs=599.93  ok
[46/1755] baseline-win32               medium  #0  content=80.99 ms  window=77.15  obs=48.61  ok
[47/1755] cpp-d2d                      medium  #0  content=80.49 ms  window=73.44  obs=66.7  ok
[48/1755] cpp-d2d-warp                 medium  #0  content=96.77 ms  window=55.64  obs=48.42  ok
[49/1755] cpp-d2d-gpu                  medium  #0  content=279.23 ms  window=56.27  obs=49.34  ok
[50/1755] cpp-richedit-wl-mt           medium  #0  content=79.45 ms  window=65.42  obs=51.29  ok
[51/1755] cpp-richedit                 medium  #0  content=94.59 ms  window=89.3  obs=71.74  ok
[52/1755] cpp-richedit-d2d             medium  #0  content=86.18 ms  window=72.91  obs=45.23  ok
[53/1755] cpp-richedit-full            medium  #0  content=108.83 ms  window=105.43  obs=86.25  ok
[54/1755] cpp-webview2                 medium  #0  content=455.46 ms  window=87.36  obs=62.73  ok
[55/1755] cpp-webview2-default         medium  #0  content=498.28 ms  window=85.68  obs=56.49  ok
[56/1755] litehtml-sciter-litehtml     medium  #0  content=2277.63 ms  window=2234.8  obs=2225.52  ok
[57/1755] litehtml-sciter-litehtml-gpu medium  #0  content=284.88 ms  window=278.49  obs=56.51  ok
[58/1755] litehtml-sciter-sciter       medium  #0  content=374.09 ms  window=358.29  obs=351.76  ok
[59/1755] blitz                        medium  #0  content=132.24 ms  window=127.79  obs=82.58  ok
[60/1755] blitz-full                   medium  #0  content=126.12 ms  window=119.2  obs=78.28  ok
[61/1755] blitz-gpu                    medium  #0  content=752.1 ms  window=748.42  obs=107.02  ok
[62/1755] rust-gpu-egui-softfirst      medium  #0  content=82.33 ms  window=74.99  obs=73.98  ok
[63/1755] rust-gpu-egui-softfirst-noime medium  #0  content=88.61 ms  window=79.35  obs=78.23  ok
[64/1755] rust-gpu-egui-wgpu           medium  #0  content=329.04 ms  window=98.9  obs=71.38  ok
[65/1755] rust-gpu-iced-tinyskia       medium  #0  content=151.9 ms  window=144.13  obs=99.05  ok
[66/1755] rust-webview                 medium  #0  content=503.38 ms  window=96.66  obs=65.9  ok
[67/1755] rust-webview-tao             medium  #0  content=495.39 ms  window=200.31  obs=74.95  ok
[68/1755] rust-webview-tauri           medium  #0  content=669.35 ms  window=547.61  obs=71.16  ok
[69/1755] qt                           medium  #0  content=156.06 ms  window=146.47  obs=115.29  ok
[70/1755] qt-dll                       medium  #0  content=161.74 ms  window=151.99  obs=119.57  ok
[71/1755] qt-full                      medium  #0  content=160.89 ms  window=148.25  obs=113.21  ok
[72/1755] avalonia                     medium  #0  content=153.22 ms  window=128.52  obs=107.11  ok
[73/1755] avalonia-exe                 medium  #0  content=160.94 ms  window=147.74  obs=129.48  ok
[74/1755] avalonia-gpu                 medium  #0  content=357.93 ms  window=299.69  obs=276.72  ok
[75/1755] avalonia-stock               medium  #0  content=581.04 ms  window=514.23  obs=493.19  ok
[76/1755] winui3                       medium  #0  content=329.91 ms  window=127.45  obs=123.62  ok
[77/1755] winui3-webview2              medium  #0  content=550.94 ms  window=151.02  obs=146.74  ok
[78/1755] winui3-r2r                   medium  #0  content=392.78 ms  window=220.08  obs=216.3  ok
[79/1755] winui3-fluent                medium  #0  content=471.52 ms  window=348.03  obs=341.19  ok
[80/1755] wpf                          medium  #0  content=297.43 ms  window=289.45  obs=243.78  ok
[81/1755] wpf-hw                       medium  #0  content=308.46 ms  window=298.37  obs=247.73  ok
[82/1755] wpf-apphost                  medium  #0  content=352.26 ms  window=340.73  obs=292.86  ok
[83/1755] wpf-plain                    medium  #0  content=524.78 ms  window=514.14  obs=436.15  ok
[84/1755] electron                     medium  #0  content=769.67 ms  window=635.8  obs=614.5  ok
[85/1755] electron-gpu                 medium  #0  content=830.1 ms  window=641.07  obs=611.78  ok
[86/1755] electron-default             medium  #0  content=954.7 ms  window=782.89  obs=754.75  ok
[87/1755] ext-vscode                   medium  #0  content=1171.52 ms  window=None  obs=1171.52  ok
[88/1755] ext-void                     medium  #0  content=1498.92 ms  window=None  obs=1498.92  ok
[89/1755] ext-cursor                   medium  #0  content=2505.74 ms  window=None  obs=2505.74  ok
[90/1755] ext-notepad                  medium  #0  content=485.05 ms  window=None  obs=485.05  ok
[91/1755] baseline-win32               large   #0  content=79.87 ms  window=75.61  obs=48.13  ok
[92/1755] cpp-d2d                      large   #0  content=62.26 ms  window=52.18  obs=45.75  ok
[93/1755] cpp-d2d-warp                 large   #0  content=103.52 ms  window=59.18  obs=51.12  ok
[94/1755] cpp-d2d-gpu                  large   #0  content=259.3 ms  window=53.45  obs=44.17  ok
[95/1755] cpp-richedit-wl-mt           large   #0  content=78.46 ms  window=63.75  obs=49.19  ok
[96/1755] cpp-richedit                 large   #0  content=91.59 ms  window=83.33  obs=67.51  ok
[97/1755] cpp-richedit-d2d             large   #0  content=90.13 ms  window=80.03  obs=46.27  ok
[98/1755] cpp-richedit-full            large   #0  content=1012.31 ms  window=1006.55  obs=987.36  ok
[99/1755] cpp-webview2                 large   #0  content=476.8 ms  window=90.64  obs=61.44  ok
[100/1755] cpp-webview2-default         large   #0  content=2260.11 ms  window=91.75  obs=59.55  ok
[101/1755] litehtml-sciter-litehtml     large   #0  content=114.58 ms  window=72.54  obs=61.85  ok
[102/1755] litehtml-sciter-litehtml-gpu large   #0  content=279.09 ms  window=63.17  obs=54.2  ok
[103/1755] litehtml-sciter-sciter       large   #0  content=348.84 ms  window=330.59  obs=324.0  ok
[104/1755] blitz                        large   #0  content=122.08 ms  window=118.13  obs=77.16  ok
[105/1755] blitz-full                   large   #0  content=2597.28 ms  window=2592.19  obs=77.05  ok
[106/1755] blitz-gpu                    large   #0  content=774.64 ms  window=766.59  obs=108.13  ok
[107/1755] rust-gpu-egui-softfirst      large   #0  content=89.19 ms  window=78.17  obs=77.27  ok
[108/1755] rust-gpu-egui-softfirst-noime large   #0  content=88.42 ms  window=77.23  obs=76.43  ok
[109/1755] rust-gpu-egui-wgpu           large   #0  content=341.23 ms  window=103.55  obs=77.47  ok
[110/1755] rust-gpu-iced-tinyskia       large   #0  content=220.17 ms  window=210.46  obs=118.86  ok
[111/1755] rust-webview                 large   #0  content=507.58 ms  window=97.62  obs=66.95  ok
[112/1755] rust-webview-tao             large   #0  content=513.35 ms  window=226.83  obs=72.56  ok
[113/1755] rust-webview-tauri           large   #0  content=732.59 ms  window=568.53  obs=73.1  ok
[114/1755] qt                           large   #0  content=160.32 ms  window=152.15  obs=119.88  ok
[115/1755] qt-dll                       large   #0  content=177.9 ms  window=170.54  obs=132.95  ok
[116/1755] qt-full                      large   #0  content=738.27 ms  window=722.9  obs=690.4  ok
[117/1755] avalonia                     large   #0  content=161.34 ms  window=139.79  obs=111.13  ok
[118/1755] avalonia-exe                 large   #0  content=175.02 ms  window=153.68  obs=128.86  ok
[119/1755] avalonia-gpu                 large   #0  content=355.75 ms  window=295.62  obs=269.17  ok
[120/1755] avalonia-stock               large   #0  content=592.15 ms  window=526.94  obs=504.12  ok
[121/1755] winui3                       large   #0  content=339.82 ms  window=132.33  obs=128.63  ok
[122/1755] winui3-webview2              large   #0  content=517.59 ms  window=139.39  obs=135.34  ok
[123/1755] winui3-r2r                   large   #0  content=406.04 ms  window=231.17  obs=227.16  ok
[124/1755] winui3-fluent                large   #0  content=478.46 ms  window=356.31  obs=349.88  ok
[125/1755] wpf                          large   #0  content=296.26 ms  window=285.28  obs=234.39  ok
[126/1755] wpf-hw                       large   #0  content=313.09 ms  window=302.84  obs=235.7  ok
[127/1755] wpf-apphost                  large   #0  content=411.63 ms  window=401.03  obs=326.44  ok
[128/1755] wpf-plain                    large   #0  content=470.41 ms  window=465.82  obs=399.47  ok
[129/1755] electron                     large   #0  content=736.12 ms  window=619.57  obs=598.44  ok
[130/1755] electron-gpu                 large   #0  content=834.46 ms  window=644.61  obs=613.24  ok
[131/1755] electron-default             large   #0  content=1382.34 ms  window=1151.53  obs=1128.43  ok
[132/1755] ext-vscode                   large   #0  content=1158.24 ms  window=None  obs=1158.24  ok
[133/1755] ext-void                     large   #0  content=1452.87 ms  window=None  obs=1452.87  ok
[134/1755] ext-cursor                   large   #0  content=2380.44 ms  window=None  obs=2380.44  ok
[135/1755] ext-notepad                  large   #0  content=2010.95 ms  window=None  obs=2010.95  ok
[136/1755] baseline-win32               small   #1  content=72.65 ms  window=69.18  obs=44.26  ok
[137/1755] cpp-d2d                      small   #1  content=59.93 ms  window=49.02  obs=43.04  ok
[138/1755] cpp-d2d-warp                 small   #1  content=75.84 ms  window=49.34  obs=42.88  ok
[139/1755] cpp-d2d-gpu                  small   #1  content=230.22 ms  window=49.02  obs=41.76  ok
[140/1755] cpp-richedit-wl-mt           small   #1  content=70.11 ms  window=57.84  obs=44.74  ok
[141/1755] cpp-richedit                 small   #1  content=84.69 ms  window=78.36  obs=62.69  ok
[142/1755] cpp-richedit-d2d             small   #1  content=86.42 ms  window=70.73  obs=43.55  ok
[143/1755] cpp-richedit-full            small   #1  content=91.4 ms  window=86.16  obs=68.44  ok
[144/1755] cpp-webview2                 small   #1  content=437.51 ms  window=81.39  obs=54.18  ok
[145/1755] cpp-webview2-default         small   #1  content=453.79 ms  window=81.79  obs=53.71  ok
[146/1755] litehtml-sciter-litehtml     small   #1  content=90.33 ms  window=65.35  obs=57.0  ok
[147/1755] litehtml-sciter-litehtml-gpu small   #1  content=241.41 ms  window=234.29  obs=47.49  ok
[148/1755] litehtml-sciter-sciter       small   #1  content=319.24 ms  window=304.55  obs=297.65  ok
[149/1755] blitz                        small   #1  content=106.93 ms  window=103.41  obs=70.94  ok
[150/1755] blitz-full                   small   #1  content=107.89 ms  window=100.81  obs=69.27  ok
[151/1755] blitz-gpu                    small   #1  content=734.48 ms  window=730.03  obs=93.15  ok
[152/1755] rust-gpu-egui-softfirst      small   #1  content=77.26 ms  window=70.19  obs=69.52  ok
[153/1755] rust-gpu-egui-softfirst-noime small   #1  content=77.39 ms  window=68.54  obs=68.33  ok
[154/1755] rust-gpu-egui-wgpu           small   #1  content=306.82 ms  window=91.82  obs=67.34  ok
[155/1755] rust-gpu-iced-tinyskia       small   #1  content=118.96 ms  window=114.34  obs=86.14  ok
[156/1755] rust-webview                 small   #1  content=471.07 ms  window=85.59  obs=58.84  ok
[157/1755] rust-webview-tao             small   #1  content=451.88 ms  window=190.65  obs=68.76  ok
[158/1755] rust-webview-tauri           small   #1  content=585.21 ms  window=501.67  obs=70.9  ok
[159/1755] qt                           small   #1  content=141.99 ms  window=131.33  obs=106.32  ok
[160/1755] qt-dll                       small   #1  content=142.51 ms  window=134.01  obs=109.74  ok
[161/1755] qt-full                      small   #1  content=137.35 ms  window=126.54  obs=98.09  ok
[162/1755] avalonia                     small   #1  content=125.46 ms  window=105.95  obs=85.7  ok
[163/1755] avalonia-exe                 small   #1  content=165.7 ms  window=149.71  obs=130.09  ok
[164/1755] avalonia-gpu                 small   #1  content=349.73 ms  window=280.7  obs=259.95  ok
[165/1755] avalonia-stock               small   #1  content=570.93 ms  window=495.86  obs=472.78  ok
[166/1755] winui3                       small   #1  content=302.66 ms  window=122.49  obs=118.13  ok
[167/1755] winui3-webview2              small   #1  content=478.35 ms  window=130.47  obs=126.31  ok
[168/1755] winui3-r2r                   small   #1  content=370.3 ms  window=223.91  obs=219.74  ok
[169/1755] winui3-fluent                small   #1  content=415.37 ms  window=329.77  obs=324.22  ok
[170/1755] wpf                          small   #1  content=285.14 ms  window=274.67  obs=221.07  ok
[171/1755] wpf-hw                       small   #1  content=308.16 ms  window=300.7  obs=233.58  ok
[172/1755] wpf-apphost                  small   #1  content=352.31 ms  window=341.54  obs=275.13  ok
[173/1755] wpf-plain                    small   #1  content=482.95 ms  window=472.32  obs=397.36  ok
[174/1755] electron                     small   #1  content=727.77 ms  window=621.95  obs=595.91  ok
[175/1755] electron-gpu                 small   #1  content=795.6 ms  window=623.14  obs=596.45  ok
[176/1755] electron-default             small   #1  content=841.01 ms  window=719.9  obs=693.07  ok
[177/1755] ext-vscode                   small   #1  content=1177.99 ms  window=None  obs=1177.99  ok
[178/1755] ext-void                     small   #1  content=3567.63 ms  window=None  obs=3567.63  ok
[179/1755] ext-cursor                   small   #1  content=2322.13 ms  window=None  obs=2322.13  ok
[180/1755] ext-notepad                  small   #1  content=468.6 ms  window=None  obs=468.6  ok
[181/1755] baseline-win32               medium  #1  content=70.33 ms  window=66.65  obs=42.04  ok
[182/1755] cpp-d2d                      medium  #1  content=56.39 ms  window=49.01  obs=43.27  ok
[183/1755] cpp-d2d-warp                 medium  #1  content=83.88 ms  window=48.32  obs=40.89  ok
[184/1755] cpp-d2d-gpu                  medium  #1  content=256.47 ms  window=49.77  obs=42.69  ok
[185/1755] cpp-richedit-wl-mt           medium  #1  content=67.47 ms  window=56.69  obs=43.53  ok
[186/1755] cpp-richedit                 medium  #1  content=89.71 ms  window=83.04  obs=64.43  ok
[187/1755] cpp-richedit-d2d             medium  #1  content=93.5 ms  window=77.33  obs=42.59  ok
[188/1755] cpp-richedit-full            medium  #1  content=103.48 ms  window=99.95  obs=80.6  ok
[189/1755] cpp-webview2                 medium  #1  content=432.41 ms  window=79.11  obs=56.94  ok
[190/1755] cpp-webview2-default         medium  #1  content=473.04 ms  window=81.57  obs=52.6  ok
[191/1755] litehtml-sciter-litehtml     medium  #1  content=103.51 ms  window=66.0  obs=55.77  ok
[192/1755] litehtml-sciter-litehtml-gpu medium  #1  content=250.4 ms  window=245.57  obs=48.94  ok
[193/1755] litehtml-sciter-sciter       medium  #1  content=321.05 ms  window=306.65  obs=300.98  ok
[194/1755] blitz                        medium  #1  content=117.5 ms  window=114.25  obs=74.66  ok
[195/1755] blitz-full                   medium  #1  content=108.39 ms  window=102.4  obs=67.51  ok
[196/1755] blitz-gpu                    medium  #1  content=740.73 ms  window=733.05  obs=96.24  ok
[197/1755] rust-gpu-egui-softfirst      medium  #1  content=76.64 ms  window=69.32  obs=68.56  ok
[198/1755] rust-gpu-egui-softfirst-noime medium  #1  content=69.71 ms  window=64.14  obs=63.05  ok
[199/1755] rust-gpu-egui-wgpu           medium  #1  content=316.34 ms  window=90.88  obs=68.32  ok
[200/1755] rust-gpu-iced-tinyskia       medium  #1  content=130.84 ms  window=123.55  obs=85.23  ok
[201/1755] rust-webview                 medium  #1  content=474.45 ms  window=84.39  obs=58.17  ok
[202/1755] rust-webview-tao             medium  #1  content=463.93 ms  window=207.9  obs=74.22  ok
[203/1755] rust-webview-tauri           medium  #1  content=645.74 ms  window=531.07  obs=67.25  ok
[204/1755] qt                           medium  #1  content=149.23 ms  window=141.78  obs=110.09  ok
[205/1755] qt-dll                       medium  #1  content=161.58 ms  window=154.36  obs=120.17  ok
[206/1755] qt-full                      medium  #1  content=159.9 ms  window=146.94  obs=111.66  ok
[207/1755] avalonia                     medium  #1  content=142.13 ms  window=123.35  obs=101.49  ok
[208/1755] avalonia-exe                 medium  #1  content=156.16 ms  window=141.62  obs=119.61  ok
[209/1755] avalonia-gpu                 medium  #1  content=344.06 ms  window=291.1  obs=271.38  ok
[210/1755] avalonia-stock               medium  #1  content=557.53 ms  window=495.47  obs=470.87  ok
[211/1755] winui3                       medium  #1  content=316.69 ms  window=120.13  obs=115.85  ok
[212/1755] winui3-webview2              medium  #1  content=497.13 ms  window=127.48  obs=123.83  ok
[213/1755] winui3-r2r                   medium  #1  content=393.17 ms  window=206.6  obs=202.72  ok
[214/1755] winui3-fluent                medium  #1  content=448.76 ms  window=331.28  obs=323.55  ok
[215/1755] wpf                          medium  #1  content=283.93 ms  window=274.59  obs=233.65  ok
[216/1755] wpf-hw                       medium  #1  content=283.75 ms  window=274.34  obs=231.56  ok
[217/1755] wpf-apphost                  medium  #1  content=346.7 ms  window=335.68  obs=286.24  ok
[218/1755] wpf-plain                    medium  #1  content=491.07 ms  window=480.5  obs=402.5  ok
[219/1755] electron                     medium  #1  content=752.91 ms  window=627.72  obs=599.87  ok
[220/1755] electron-gpu                 medium  #1  content=812.07 ms  window=637.16  obs=605.15  ok
[221/1755] electron-default             medium  #1  content=897.08 ms  window=748.08  obs=723.36  ok
[222/1755] ext-vscode                   medium  #1  content=1179.05 ms  window=None  obs=1179.05  ok
[223/1755] ext-void                     medium  #1  content=1442.21 ms  window=None  obs=1442.21  ok
[224/1755] ext-cursor                   medium  #1  content=2335.9 ms  window=None  obs=2335.9  ok
[225/1755] ext-notepad                  medium  #1  content=482.64 ms  window=None  obs=482.64  ok
[226/1755] baseline-win32               large   #1  content=72.51 ms  window=68.31  obs=43.15  ok
[227/1755] cpp-d2d                      large   #1  content=59.11 ms  window=48.91  obs=42.15  ok
[228/1755] cpp-d2d-warp                 large   #1  content=92.91 ms  window=48.45  obs=40.68  ok
[229/1755] cpp-d2d-gpu                  large   #1  content=284.44 ms  window=66.06  obs=58.61  ok
[230/1755] cpp-richedit-wl-mt           large   #1  content=73.0 ms  window=62.24  obs=46.09  ok
[231/1755] cpp-richedit                 large   #1  content=86.1 ms  window=78.0  obs=63.7  ok
[232/1755] cpp-richedit-d2d             large   #1  content=87.13 ms  window=71.82  obs=41.62  ok
[233/1755] cpp-richedit-full            large   #1  content=1007.46 ms  window=1001.64  obs=981.85  ok
[234/1755] cpp-webview2                 large   #1  content=456.81 ms  window=82.18  obs=52.71  ok
[235/1755] cpp-webview2-default         large   #1  content=2126.42 ms  window=75.98  obs=51.06  ok
[236/1755] litehtml-sciter-litehtml     large   #1  content=102.41 ms  window=62.23  obs=52.62  ok
[237/1755] litehtml-sciter-litehtml-gpu large   #1  content=261.03 ms  window=60.08  obs=52.52  ok
[238/1755] litehtml-sciter-sciter       large   #1  content=326.0 ms  window=310.54  obs=304.15  ok
[239/1755] blitz                        large   #1  content=105.68 ms  window=102.61  obs=70.16  ok
[240/1755] blitz-full                   large   #1  content=2483.22 ms  window=2481.9  obs=74.86  ok
[241/1755] blitz-gpu                    large   #1  content=749.98 ms  window=740.89  obs=98.95  ok
[242/1755] rust-gpu-egui-softfirst      large   #1  content=83.03 ms  window=73.13  obs=72.4  ok
[243/1755] rust-gpu-egui-softfirst-noime large   #1  content=82.15 ms  window=73.17  obs=72.69  ok
[244/1755] rust-gpu-egui-wgpu           large   #1  content=315.86 ms  window=97.25  obs=71.59  ok
[245/1755] rust-gpu-iced-tinyskia       large   #1  content=185.84 ms  window=179.14  obs=89.16  ok
[246/1755] rust-webview                 large   #1  content=485.09 ms  window=87.47  obs=59.58  ok
[247/1755] rust-webview-tao             large   #1  content=483.35 ms  window=192.81  obs=70.0  ok
[248/1755] rust-webview-tauri           large   #1  content=675.44 ms  window=526.7  obs=68.77  ok
[249/1755] qt                           large   #1  content=149.24 ms  window=137.73  obs=107.58  ok
[250/1755] qt-dll                       large   #1  content=161.26 ms  window=153.07  obs=120.69  ok
[251/1755] qt-full                      large   #1  content=721.4 ms  window=708.25  obs=676.73  ok
[252/1755] avalonia                     large   #1  content=149.57 ms  window=121.99  obs=100.84  ok
[253/1755] avalonia-exe                 large   #1  content=168.92 ms  window=149.09  obs=121.33  ok
[254/1755] avalonia-gpu                 large   #1  content=324.29 ms  window=278.94  obs=258.14  ok
[255/1755] avalonia-stock               large   #1  content=576.15 ms  window=518.26  obs=497.88  ok
[256/1755] winui3                       large   #1  content=329.22 ms  window=131.54  obs=127.44  ok
[257/1755] winui3-webview2              large   #1  content=497.78 ms  window=132.87  obs=128.83  ok
[258/1755] winui3-r2r                   large   #1  content=380.31 ms  window=205.33  obs=201.35  ok
[259/1755] winui3-fluent                large   #1  content=437.43 ms  window=324.32  obs=318.07  ok
[260/1755] wpf                          large   #1  content=287.58 ms  window=279.82  obs=237.31  ok
[261/1755] wpf-hw                       large   #1  content=316.43 ms  window=305.6  obs=251.88  ok
[262/1755] wpf-apphost                  large   #1  content=335.01 ms  window=328.55  obs=276.45  ok
[263/1755] wpf-plain                    large   #1  content=502.0 ms  window=491.26  obs=415.48  ok
[264/1755] electron                     large   #1  content=741.14 ms  window=624.46  obs=601.74  ok
[265/1755] electron-gpu                 large   #1  content=796.34 ms  window=622.33  obs=595.39  ok
[266/1755] electron-default             large   #1  content=1390.79 ms  window=1151.27  obs=1125.78  ok
[267/1755] ext-vscode                   large   #1  content=1157.29 ms  window=None  obs=1157.29  ok
[268/1755] ext-void                     large   #1  content=1441.91 ms  window=None  obs=1441.91  ok
[269/1755] ext-cursor                   large   #1  content=2378.14 ms  window=None  obs=2378.14  ok
[270/1755] ext-notepad                  large   #1  content=701.11 ms  window=None  obs=701.11  ok
[271/1755] baseline-win32               small   #2  content=72.74 ms  window=67.82  obs=43.41  ok
[272/1755] cpp-d2d                      small   #2  content=59.67 ms  window=49.59  obs=43.71  ok
[273/1755] cpp-d2d-warp                 small   #2  content=77.73 ms  window=49.92  obs=42.57  ok
[274/1755] cpp-d2d-gpu                  small   #2  content=232.92 ms  window=51.27  obs=43.28  ok
[275/1755] cpp-richedit-wl-mt           small   #2  content=89.5 ms  window=78.8  obs=61.99  ok
[276/1755] cpp-richedit                 small   #2  content=79.27 ms  window=75.16  obs=60.12  ok
[277/1755] cpp-richedit-d2d             small   #2  content=79.18 ms  window=68.5  obs=42.5  ok
[278/1755] cpp-richedit-full            small   #2  content=84.56 ms  window=80.45  obs=62.26  ok
[279/1755] cpp-webview2                 small   #2  content=413.07 ms  window=81.1  obs=56.34  ok
[280/1755] cpp-webview2-default         small   #2  content=462.35 ms  window=76.07  obs=49.86  ok
[281/1755] litehtml-sciter-litehtml     small   #2  content=95.34 ms  window=68.39  obs=57.41  ok
[282/1755] litehtml-sciter-litehtml-gpu small   #2  content=247.1 ms  window=238.93  obs=50.18  ok
[283/1755] litehtml-sciter-sciter       small   #2  content=336.52 ms  window=318.41  obs=311.17  ok
[284/1755] blitz                        small   #2  content=108.83 ms  window=101.42  obs=71.4  ok
[285/1755] blitz-full                   small   #2  content=109.55 ms  window=103.4  obs=68.58  ok
[286/1755] blitz-gpu                    small   #2  content=739.1 ms  window=734.29  obs=91.38  ok
[287/1755] rust-gpu-egui-softfirst      small   #2  content=76.34 ms  window=69.69  obs=68.69  ok
[288/1755] rust-gpu-egui-softfirst-noime small   #2  content=76.58 ms  window=66.19  obs=65.29  ok
[289/1755] rust-gpu-egui-wgpu           small   #2  content=329.34 ms  window=91.83  obs=67.28  ok
[290/1755] rust-gpu-iced-tinyskia       small   #2  content=122.74 ms  window=115.74  obs=88.13  ok
[291/1755] rust-webview                 small   #2  content=476.9 ms  window=86.93  obs=60.61  ok
[292/1755] rust-webview-tao             small   #2  content=459.42 ms  window=196.52  obs=68.66  ok
[293/1755] rust-webview-tauri           small   #2  content=589.95 ms  window=504.3  obs=70.05  ok
[294/1755] qt                           small   #2  content=145.14 ms  window=133.47  obs=106.87  ok
[295/1755] qt-dll                       small   #2  content=148.33 ms  window=140.83  obs=116.02  ok
[296/1755] qt-full                      small   #2  content=136.78 ms  window=125.9  obs=99.88  ok
[297/1755] avalonia                     small   #2  content=133.24 ms  window=110.34  obs=88.19  ok
[298/1755] avalonia-exe                 small   #2  content=153.06 ms  window=130.74  obs=108.17  ok
[299/1755] avalonia-gpu                 small   #2  content=323.77 ms  window=279.49  obs=259.01  ok
[300/1755] avalonia-stock               small   #2  content=2697.45 ms  window=2626.11  obs=2599.34  ok
[301/1755] winui3                       small   #2  content=304.32 ms  window=124.5  obs=120.88  ok
[302/1755] winui3-webview2              small   #2  content=467.95 ms  window=126.48  obs=121.67  ok
[303/1755] winui3-r2r                   small   #2  content=365.54 ms  window=213.14  obs=209.28  ok
[304/1755] winui3-fluent                small   #2  content=436.36 ms  window=346.33  obs=339.61  ok
[305/1755] wpf                          small   #2  content=294.09 ms  window=283.23  obs=236.2  ok
[306/1755] wpf-hw                       small   #2  content=291.7 ms  window=280.04  obs=231.48  ok
[307/1755] wpf-apphost                  small   #2  content=338.14 ms  window=327.69  obs=278.25  ok
[308/1755] wpf-plain                    small   #2  content=492.34 ms  window=480.27  obs=412.52  ok
[309/1755] electron                     small   #2  content=726.12 ms  window=621.07  obs=597.02  ok
[310/1755] electron-gpu                 small   #2  content=798.93 ms  window=618.88  obs=594.79  ok
[311/1755] electron-default             small   #2  content=846.59 ms  window=725.18  obs=700.02  ok
[312/1755] ext-vscode                   small   #2  content=1199.93 ms  window=None  obs=1199.93  ok
[313/1755] ext-void                     small   #2  content=1448.41 ms  window=None  obs=1448.41  ok
[314/1755] ext-cursor                   small   #2  content=2341.17 ms  window=None  obs=2341.17  ok
[315/1755] ext-notepad                  small   #2  content=509.49 ms  window=None  obs=509.49  ok
[316/1755] baseline-win32               medium  #2  content=84.43 ms  window=76.82  obs=46.19  ok
[317/1755] cpp-d2d                      medium  #2  content=60.73 ms  window=50.4  obs=43.96  ok
[318/1755] cpp-d2d-warp                 medium  #2  content=87.53 ms  window=49.07  obs=41.63  ok
[319/1755] cpp-d2d-gpu                  medium  #2  content=253.84 ms  window=48.17  obs=40.6  ok
[320/1755] cpp-richedit-wl-mt           medium  #2  content=65.29 ms  window=53.43  obs=41.71  ok
[321/1755] cpp-richedit                 medium  #2  content=85.14 ms  window=80.03  obs=63.8  ok
[322/1755] cpp-richedit-d2d             medium  #2  content=80.02 ms  window=69.19  obs=39.7  ok
[323/1755] cpp-richedit-full            medium  #2  content=96.4 ms  window=93.64  obs=75.53  ok
[324/1755] cpp-webview2                 medium  #2  content=443.95 ms  window=85.44  obs=55.85  ok
[325/1755] cpp-webview2-default         medium  #2  content=472.12 ms  window=96.83  obs=71.4  ok
[326/1755] litehtml-sciter-litehtml     medium  #2  content=98.79 ms  window=64.52  obs=55.33  ok
[327/1755] litehtml-sciter-litehtml-gpu medium  #2  content=255.14 ms  window=250.54  obs=47.76  ok
[328/1755] litehtml-sciter-sciter       medium  #2  content=319.51 ms  window=307.5  obs=299.84  ok
[329/1755] blitz                        medium  #2  content=126.24 ms  window=121.28  obs=88.58  ok
[330/1755] blitz-full                   medium  #2  content=110.31 ms  window=103.55  obs=68.05  ok
[331/1755] blitz-gpu                    medium  #2  content=752.33 ms  window=748.0  obs=98.31  ok
[332/1755] rust-gpu-egui-softfirst      medium  #2  content=76.59 ms  window=69.07  obs=68.28  ok
[333/1755] rust-gpu-egui-softfirst-noime medium  #2  content=82.05 ms  window=71.14  obs=70.31  ok
[334/1755] rust-gpu-egui-wgpu           medium  #2  content=317.55 ms  window=91.33  obs=67.7  ok
[335/1755] rust-gpu-iced-tinyskia       medium  #2  content=124.06 ms  window=121.9  obs=84.03  ok
[336/1755] rust-webview                 medium  #2  content=456.56 ms  window=90.61  obs=60.26  ok
[337/1755] rust-webview-tao             medium  #2  content=507.98 ms  window=204.52  obs=68.69  ok
[338/1755] rust-webview-tauri           medium  #2  content=625.9 ms  window=510.07  obs=68.83  ok
[339/1755] qt                           medium  #2  content=142.85 ms  window=139.1  obs=106.55  ok
[340/1755] qt-dll                       medium  #2  content=154.41 ms  window=146.17  obs=113.07  ok
[341/1755] qt-full                      medium  #2  content=155.54 ms  window=144.01  obs=110.24  ok
[342/1755] avalonia                     medium  #2  content=137.27 ms  window=120.75  obs=100.11  ok
[343/1755] avalonia-exe                 medium  #2  content=167.55 ms  window=150.84  obs=124.52  ok
[344/1755] avalonia-gpu                 medium  #2  content=356.35 ms  window=300.6  obs=280.68  ok
[345/1755] avalonia-stock               medium  #2  content=557.69 ms  window=495.09  obs=472.19  ok
[346/1755] winui3                       medium  #2  content=321.34 ms  window=121.97  obs=117.66  ok
[347/1755] winui3-webview2              medium  #2  content=484.15 ms  window=126.5  obs=122.49  ok
[348/1755] winui3-r2r                   medium  #2  content=376.51 ms  window=206.64  obs=202.34  ok
[349/1755] winui3-fluent                medium  #2  content=479.31 ms  window=359.48  obs=352.25  ok
[350/1755] wpf                          medium  #2  content=294.97 ms  window=287.58  obs=231.82  ok
[351/1755] wpf-hw                       medium  #2  content=313.74 ms  window=303.61  obs=236.82  ok
[352/1755] wpf-apphost                  medium  #2  content=338.71 ms  window=327.98  obs=277.73  ok
[353/1755] wpf-plain                    medium  #2  content=510.14 ms  window=503.54  obs=417.46  ok
[354/1755] electron                     medium  #2  content=739.42 ms  window=616.9  obs=594.39  ok
[355/1755] electron-gpu                 medium  #2  content=799.9 ms  window=621.19  obs=593.81  ok
[356/1755] electron-default             medium  #2  content=895.67 ms  window=746.91  obs=723.46  ok
[357/1755] ext-vscode                   medium  #2  content=1192.11 ms  window=None  obs=1192.11  ok
[358/1755] ext-void                     medium  #2  content=1470.76 ms  window=None  obs=1470.76  ok
[359/1755] ext-cursor                   medium  #2  content=2412.69 ms  window=None  obs=2412.69  ok
[360/1755] ext-notepad                  medium  #2  content=491.52 ms  window=None  obs=491.52  ok
[361/1755] baseline-win32               large   #2  content=76.19 ms  window=68.74  obs=46.75  ok
[362/1755] cpp-d2d                      large   #2  content=60.71 ms  window=49.82  obs=42.59  ok
[363/1755] cpp-d2d-warp                 large   #2  content=87.28 ms  window=49.29  obs=41.3  ok
[364/1755] cpp-d2d-gpu                  large   #2  content=260.93 ms  window=49.59  obs=42.39  ok
[365/1755] cpp-richedit-wl-mt           large   #2  content=66.96 ms  window=55.95  obs=42.54  ok
[366/1755] cpp-richedit                 large   #2  content=84.6 ms  window=79.07  obs=64.34  ok
[367/1755] cpp-richedit-d2d             large   #2  content=86.65 ms  window=76.95  obs=42.37  ok
[368/1755] cpp-richedit-full            large   #2  content=987.1 ms  window=983.22  obs=965.67  ok
[369/1755] cpp-webview2                 large   #2  content=436.98 ms  window=79.93  obs=53.96  ok
[370/1755] cpp-webview2-default         large   #2  content=1862.54 ms  window=83.64  obs=53.3  ok
[371/1755] litehtml-sciter-litehtml     large   #2  content=120.69 ms  window=79.72  obs=70.67  ok
[372/1755] litehtml-sciter-litehtml-gpu large   #2  content=266.26 ms  window=259.39  obs=52.95  ok
[373/1755] litehtml-sciter-sciter       large   #2  content=315.28 ms  window=299.64  obs=293.25  ok
[374/1755] blitz                        large   #2  content=114.24 ms  window=106.4  obs=72.46  ok
[375/1755] blitz-full                   large   #2  content=2466.64 ms  window=2464.71  obs=72.63  ok
[376/1755] blitz-gpu                    large   #2  content=741.09 ms  window=737.76  obs=103.48  ok
[377/1755] rust-gpu-egui-softfirst      large   #2  content=82.63 ms  window=72.6  obs=71.76  ok
[378/1755] rust-gpu-egui-softfirst-noime large   #2  content=76.43 ms  window=69.32  obs=68.3  ok
[379/1755] rust-gpu-egui-wgpu           large   #2  content=322.07 ms  window=94.37  obs=71.1  ok
[380/1755] rust-gpu-iced-tinyskia       large   #2  content=188.09 ms  window=183.15  obs=94.74  ok
[381/1755] rust-webview                 large   #2  content=484.48 ms  window=87.93  obs=59.15  ok
[382/1755] rust-webview-tao             large   #2  content=475.73 ms  window=208.29  obs=67.22  ok
[383/1755] rust-webview-tauri           large   #2  content=651.04 ms  window=531.56  obs=66.4  ok
[384/1755] qt                           large   #2  content=147.41 ms  window=136.27  obs=106.35  ok
[385/1755] qt-dll                       large   #2  content=153.91 ms  window=147.45  obs=115.04  ok
[386/1755] qt-full                      large   #2  content=711.81 ms  window=696.27  obs=665.92  ok
[387/1755] avalonia                     large   #2  content=148.66 ms  window=121.21  obs=101.42  ok
[388/1755] avalonia-exe                 large   #2  content=175.5 ms  window=149.15  obs=123.57  ok
[389/1755] avalonia-gpu                 large   #2  content=325.35 ms  window=278.58  obs=258.98  ok
[390/1755] avalonia-stock               large   #2  content=571.49 ms  window=501.63  obs=480.33  ok
[391/1755] winui3                       large   #2  content=340.46 ms  window=123.31  obs=119.22  ok
[392/1755] winui3-webview2              large   #2  content=485.64 ms  window=129.64  obs=125.98  ok
[393/1755] winui3-r2r                   large   #2  content=393.86 ms  window=210.78  obs=207.13  ok
[394/1755] winui3-fluent                large   #2  content=436.98 ms  window=321.73  obs=315.97  ok
[395/1755] wpf                          large   #2  content=281.36 ms  window=274.84  obs=232.9  ok
[396/1755] wpf-hw                       large   #2  content=289.53 ms  window=278.48  obs=234.84  ok
[397/1755] wpf-apphost                  large   #2  content=351.24 ms  window=340.44  obs=285.17  ok
[398/1755] wpf-plain                    large   #2  content=489.81 ms  window=479.53  obs=413.23  ok
[399/1755] electron                     large   #2  content=764.99 ms  window=648.53  obs=623.2  ok
[400/1755] electron-gpu                 large   #2  content=808.24 ms  window=628.88  obs=600.69  ok
[401/1755] electron-default             large   #2  content=1393.08 ms  window=1152.6  obs=1129.4  ok
[402/1755] ext-vscode                   large   #2  content=1151.64 ms  window=None  obs=1151.64  ok
[403/1755] ext-void                     large   #2  content=1443.55 ms  window=None  obs=1443.55  ok
[404/1755] ext-cursor                   large   #2  content=2372.97 ms  window=None  obs=2372.97  ok
[405/1755] ext-notepad                  large   #2  content=721.31 ms  window=None  obs=721.31  ok
[406/1755] baseline-win32               small   #3  content=78.74 ms  window=71.22  obs=43.23  ok
[407/1755] cpp-d2d                      small   #3  content=73.98 ms  window=65.58  obs=59.79  ok
[408/1755] cpp-d2d-warp                 small   #3  content=74.8 ms  window=49.54  obs=42.26  ok
[409/1755] cpp-d2d-gpu                  small   #3  content=228.52 ms  window=49.14  obs=40.63  ok
[410/1755] cpp-richedit-wl-mt           small   #3  content=69.73 ms  window=58.17  obs=43.29  ok
[411/1755] cpp-richedit                 small   #3  content=80.05 ms  window=72.38  obs=57.45  ok
[412/1755] cpp-richedit-d2d             small   #3  content=77.68 ms  window=68.05  obs=41.98  ok
[413/1755] cpp-richedit-full            small   #3  content=85.44 ms  window=81.86  obs=64.35  ok
[414/1755] cpp-webview2                 small   #3  content=444.71 ms  window=100.69  obs=72.94  ok
[415/1755] cpp-webview2-default         small   #3  content=447.71 ms  window=78.95  obs=53.47  ok
[416/1755] litehtml-sciter-litehtml     small   #3  content=101.86 ms  window=79.31  obs=68.7  ok
[417/1755] litehtml-sciter-litehtml-gpu small   #3  content=242.7 ms  window=238.32  obs=48.43  ok
[418/1755] litehtml-sciter-sciter       small   #3  content=312.68 ms  window=296.49  obs=289.9  ok
[419/1755] blitz                        small   #3  content=2208.82 ms  window=2202.95  obs=2167.67  ok
[420/1755] blitz-full                   small   #3  content=103.03 ms  window=100.22  obs=67.37  ok
[421/1755] blitz-gpu                    small   #3  content=745.92 ms  window=741.24  obs=100.63  ok
[422/1755] rust-gpu-egui-softfirst      small   #3  content=82.96 ms  window=74.44  obs=73.52  ok
[423/1755] rust-gpu-egui-softfirst-noime small   #3  content=77.77 ms  window=69.21  obs=68.13  ok
[424/1755] rust-gpu-egui-wgpu           small   #3  content=329.8 ms  window=97.52  obs=68.61  ok
[425/1755] rust-gpu-iced-tinyskia       small   #3  content=118.02 ms  window=113.5  obs=86.06  ok
[426/1755] rust-webview                 small   #3  content=467.28 ms  window=96.34  obs=67.05  ok
[427/1755] rust-webview-tao             small   #3  content=475.49 ms  window=230.4  obs=74.84  ok
[428/1755] rust-webview-tauri           small   #3  content=607.38 ms  window=522.29  obs=68.93  ok
[429/1755] qt                           small   #3  content=137.45 ms  window=130.32  obs=105.58  ok
[430/1755] qt-dll                       small   #3  content=150.17 ms  window=143.51  obs=116.74  ok
[431/1755] qt-full                      small   #3  content=149.75 ms  window=142.4  obs=116.24  ok
[432/1755] avalonia                     small   #3  content=135.15 ms  window=113.69  obs=93.29  ok
[433/1755] avalonia-exe                 small   #3  content=148.37 ms  window=124.8  obs=104.79  ok
[434/1755] avalonia-gpu                 small   #3  content=355.43 ms  window=288.4  obs=268.88  ok
[435/1755] avalonia-stock               small   #3  content=569.9 ms  window=483.54  obs=461.46  ok
[436/1755] winui3                       small   #3  content=303.46 ms  window=120.71  obs=116.99  ok
[437/1755] winui3-webview2              small   #3  content=492.07 ms  window=129.17  obs=125.42  ok
[438/1755] winui3-r2r                   small   #3  content=358.42 ms  window=201.96  obs=198.44  ok
[439/1755] winui3-fluent                small   #3  content=435.1 ms  window=336.7  obs=330.64  ok
[440/1755] wpf                          small   #3  content=306.63 ms  window=296.35  obs=229.11  ok
[441/1755] wpf-hw                       small   #3  content=306.72 ms  window=295.7  obs=244.95  ok
[442/1755] wpf-apphost                  small   #3  content=339.87 ms  window=328.5  obs=276.27  ok
[443/1755] wpf-plain                    small   #3  content=488.69 ms  window=482.22  obs=405.6  ok
[444/1755] electron                     small   #3  content=723.56 ms  window=621.81  obs=598.21  ok
[445/1755] electron-gpu                 small   #3  content=797.05 ms  window=629.86  obs=601.21  ok
[446/1755] electron-default             small   #3  content=853.14 ms  window=745.8  obs=720.02  ok
[447/1755] ext-vscode                   small   #3  content=1128.33 ms  window=None  obs=1128.33  ok
[448/1755] ext-void                     small   #3  content=1437.7 ms  window=None  obs=1437.7  ok
[449/1755] ext-cursor                   small   #3  content=2352.3 ms  window=None  obs=2352.3  ok
[450/1755] ext-notepad                  small   #3  content=454.26 ms  window=None  obs=454.26  ok
[451/1755] baseline-win32               medium  #3  content=77.92 ms  window=71.05  obs=43.18  ok
[452/1755] cpp-d2d                      medium  #3  content=62.09 ms  window=51.64  obs=44.74  ok
[453/1755] cpp-d2d-warp                 medium  #3  content=92.82 ms  window=46.84  obs=40.45  ok
[454/1755] cpp-d2d-gpu                  medium  #3  content=273.54 ms  window=70.11  obs=62.3  ok
[455/1755] cpp-richedit-wl-mt           medium  #3  content=67.02 ms  window=53.11  obs=41.51  ok
[456/1755] cpp-richedit                 medium  #3  content=85.67 ms  window=80.4  obs=65.57  ok
[457/1755] cpp-richedit-d2d             medium  #3  content=85.83 ms  window=69.89  obs=40.61  ok
[458/1755] cpp-richedit-full            medium  #3  content=104.44 ms  window=97.38  obs=78.41  ok
[459/1755] cpp-webview2                 medium  #3  content=441.4 ms  window=84.56  obs=57.32  ok
[460/1755] cpp-webview2-default         medium  #3  content=473.85 ms  window=82.59  obs=53.33  ok
[461/1755] litehtml-sciter-litehtml     medium  #3  content=99.09 ms  window=63.97  obs=54.2  ok
[462/1755] litehtml-sciter-litehtml-gpu medium  #3  content=253.94 ms  window=245.33  obs=47.74  ok
[463/1755] litehtml-sciter-sciter       medium  #3  content=315.73 ms  window=301.3  obs=295.48  ok
[464/1755] blitz                        medium  #3  content=106.91 ms  window=104.15  obs=72.1  ok
[465/1755] blitz-full                   medium  #3  content=115.61 ms  window=108.0  obs=71.24  ok
[466/1755] blitz-gpu                    medium  #3  content=722.85 ms  window=718.81  obs=89.76  ok
[467/1755] rust-gpu-egui-softfirst      medium  #3  content=77.14 ms  window=69.36  obs=68.41  ok
[468/1755] rust-gpu-egui-softfirst-noime medium  #3  content=81.76 ms  window=70.42  obs=69.8  ok
[469/1755] rust-gpu-egui-wgpu           medium  #3  content=325.0 ms  window=96.13  obs=68.72  ok
[470/1755] rust-gpu-iced-tinyskia       medium  #3  content=134.27 ms  window=126.5  obs=85.39  ok
[471/1755] rust-webview                 medium  #3  content=485.52 ms  window=89.66  obs=62.78  ok
[472/1755] rust-webview-tao             medium  #3  content=476.81 ms  window=224.0  obs=82.58  ok
[473/1755] rust-webview-tauri           medium  #3  content=602.63 ms  window=482.4  obs=67.19  ok
[474/1755] qt                           medium  #3  content=174.86 ms  window=164.17  obs=128.88  ok
[475/1755] qt-dll                       medium  #3  content=153.84 ms  window=148.09  obs=113.07  ok
[476/1755] qt-full                      medium  #3  content=154.34 ms  window=145.96  obs=110.24  ok
[477/1755] avalonia                     medium  #3  content=143.32 ms  window=123.64  obs=105.23  ok
[478/1755] avalonia-exe                 medium  #3  content=156.23 ms  window=139.45  obs=119.02  ok
[479/1755] avalonia-gpu                 medium  #3  content=344.99 ms  window=289.38  obs=266.42  ok
[480/1755] avalonia-stock               medium  #3  content=569.91 ms  window=494.37  obs=470.59  ok
[481/1755] winui3                       medium  #3  content=329.25 ms  window=130.11  obs=125.59  ok
[482/1755] winui3-webview2              medium  #3  content=498.24 ms  window=134.93  obs=130.35  ok
[483/1755] winui3-r2r                   medium  #3  content=406.68 ms  window=212.13  obs=207.66  ok
[484/1755] winui3-fluent                medium  #3  content=452.46 ms  window=323.82  obs=317.59  ok
[485/1755] wpf                          medium  #3  content=284.1 ms  window=277.51  obs=228.56  ok
[486/1755] wpf-hw                       medium  #3  content=308.99 ms  window=297.88  obs=249.63  ok
[487/1755] wpf-apphost                  medium  #3  content=332.22 ms  window=322.44  obs=271.74  ok
[488/1755] wpf-plain                    medium  #3  content=479.85 ms  window=473.02  obs=399.38  ok
[489/1755] electron                     medium  #3  content=741.51 ms  window=618.95  obs=593.76  ok
[490/1755] electron-gpu                 medium  #3  content=824.26 ms  window=617.02  obs=591.97  ok
[491/1755] electron-default             medium  #3  content=933.29 ms  window=762.42  obs=738.4  ok
[492/1755] ext-vscode                   medium  #3  content=1183.71 ms  window=None  obs=1183.71  ok
[493/1755] ext-void                     medium  #3  content=1403.56 ms  window=None  obs=1403.56  ok
[494/1755] ext-cursor                   medium  #3  content=2375.25 ms  window=None  obs=2375.25  ok
[495/1755] ext-notepad                  medium  #3  content=473.03 ms  window=None  obs=473.03  ok
[496/1755] baseline-win32               large   #3  content=70.31 ms  window=66.98  obs=41.92  ok
[497/1755] cpp-d2d                      large   #3  content=60.75 ms  window=50.74  obs=44.03  ok
[498/1755] cpp-d2d-warp                 large   #3  content=92.11 ms  window=53.35  obs=45.07  ok
[499/1755] cpp-d2d-gpu                  large   #3  content=253.23 ms  window=48.19  obs=40.53  ok
[500/1755] cpp-richedit-wl-mt           large   #3  content=72.82 ms  window=55.26  obs=42.64  ok
[501/1755] cpp-richedit                 large   #3  content=104.12 ms  window=97.17  obs=81.11  ok
[502/1755] cpp-richedit-d2d             large   #3  content=90.09 ms  window=74.17  obs=43.09  ok
[503/1755] cpp-richedit-full            large   #3  content=993.26 ms  window=988.78  obs=970.63  ok
[504/1755] cpp-webview2                 large   #3  content=468.87 ms  window=103.41  obs=73.58  ok
[505/1755] cpp-webview2-default         large   #3  content=2109.08 ms  window=76.96  obs=50.34  ok
[506/1755] litehtml-sciter-litehtml     large   #3  content=95.24 ms  window=61.41  obs=53.38  ok
[507/1755] litehtml-sciter-litehtml-gpu large   #3  content=253.91 ms  window=56.33  obs=48.57  ok
[508/1755] litehtml-sciter-sciter       large   #3  content=344.0 ms  window=332.67  obs=325.17  ok
[509/1755] blitz                        large   #3  content=113.24 ms  window=106.11  obs=73.21  ok
[510/1755] blitz-full                   large   #3  content=2464.87 ms  window=2463.84  obs=70.67  ok
[511/1755] blitz-gpu                    large   #3  content=757.25 ms  window=752.74  obs=96.08  ok
[512/1755] rust-gpu-egui-softfirst      large   #3  content=82.87 ms  window=72.89  obs=71.9  ok
[513/1755] rust-gpu-egui-softfirst-noime large   #3  content=76.57 ms  window=67.32  obs=66.38  ok
[514/1755] rust-gpu-egui-wgpu           large   #3  content=328.65 ms  window=97.1  obs=68.49  ok
[515/1755] rust-gpu-iced-tinyskia       large   #3  content=179.56 ms  window=175.93  obs=90.15  ok
[516/1755] rust-webview                 large   #3  content=466.58 ms  window=85.88  obs=59.33  ok
[517/1755] rust-webview-tao             large   #3  content=475.37 ms  window=189.72  obs=67.03  ok
[518/1755] rust-webview-tauri           large   #3  content=680.54 ms  window=530.03  obs=64.4  ok
[519/1755] qt                           large   #3  content=149.31 ms  window=139.53  obs=107.73  ok
[520/1755] qt-dll                       large   #3  content=159.59 ms  window=148.01  obs=116.52  ok
[521/1755] qt-full                      large   #3  content=712.53 ms  window=698.72  obs=667.76  ok
[522/1755] avalonia                     large   #3  content=141.96 ms  window=120.39  obs=98.07  ok
[523/1755] avalonia-exe                 large   #3  content=156.83 ms  window=141.91  obs=120.29  ok
[524/1755] avalonia-gpu                 large   #3  content=312.85 ms  window=273.87  obs=254.72  ok
[525/1755] avalonia-stock               large   #3  content=564.57 ms  window=507.71  obs=485.66  ok
[526/1755] winui3                       large   #3  content=343.61 ms  window=131.84  obs=127.98  ok
[527/1755] winui3-webview2              large   #3  content=487.04 ms  window=127.99  obs=123.57  ok
[528/1755] winui3-r2r                   large   #3  content=380.09 ms  window=201.99  obs=198.22  ok
[529/1755] winui3-fluent                large   #3  content=448.42 ms  window=331.45  obs=326.19  ok
[530/1755] wpf                          large   #3  content=290.27 ms  window=283.94  obs=234.81  ok
[531/1755] wpf-hw                       large   #3  content=308.93 ms  window=298.19  obs=233.12  ok
[532/1755] wpf-apphost                  large   #3  content=341.66 ms  window=332.0  obs=288.43  ok
[533/1755] wpf-plain                    large   #3  content=479.06 ms  window=467.09  obs=401.33  ok
[534/1755] electron                     large   #3  content=746.41 ms  window=623.17  obs=598.84  ok
[535/1755] electron-gpu                 large   #3  content=803.17 ms  window=630.9  obs=602.6  ok
[536/1755] electron-default             large   #3  content=1402.62 ms  window=1161.12  obs=1136.8  ok
[537/1755] ext-vscode                   large   #3  content=1127.72 ms  window=None  obs=1127.72  ok
[538/1755] ext-void                     large   #3  content=1439.44 ms  window=None  obs=1439.44  ok
[539/1755] ext-cursor                   large   #3  content=2344.38 ms  window=None  obs=2344.38  ok
[540/1755] ext-notepad                  large   #3  content=705.43 ms  window=None  obs=705.43  ok
[541/1755] baseline-win32               small   #4  content=2784.09 ms  window=2777.25  obs=2749.82  ok
[542/1755] cpp-d2d                      small   #4  content=56.22 ms  window=48.51  obs=42.52  ok
[543/1755] cpp-d2d-warp                 small   #4  content=75.31 ms  window=48.22  obs=41.16  ok
[544/1755] cpp-d2d-gpu                  small   #4  content=234.34 ms  window=49.59  obs=42.41  ok
[545/1755] cpp-richedit-wl-mt           small   #4  content=71.22 ms  window=58.3  obs=42.0  ok
[546/1755] cpp-richedit                 small   #4  content=79.1 ms  window=74.47  obs=59.26  ok
[547/1755] cpp-richedit-d2d             small   #4  content=78.52 ms  window=68.4  obs=42.54  ok
[548/1755] cpp-richedit-full            small   #4  content=91.44 ms  window=85.08  obs=66.24  ok
[549/1755] cpp-webview2                 small   #4  content=407.97 ms  window=78.56  obs=53.16  ok
[550/1755] cpp-webview2-default         small   #4  content=430.09 ms  window=73.95  obs=51.07  ok
[551/1755] litehtml-sciter-litehtml     small   #4  content=104.63 ms  window=83.37  obs=75.12  ok
[552/1755] litehtml-sciter-litehtml-gpu small   #4  content=247.39 ms  window=243.25  obs=48.78  ok
[553/1755] litehtml-sciter-sciter       small   #4  content=319.6 ms  window=303.54  obs=297.58  ok
[554/1755] blitz                        small   #4  content=107.17 ms  window=100.27  obs=70.64  ok
[555/1755] blitz-full                   small   #4  content=108.15 ms  window=101.44  obs=69.07  ok
[556/1755] blitz-gpu                    small   #4  content=734.17 ms  window=728.27  obs=89.64  ok
[557/1755] rust-gpu-egui-softfirst      small   #4  content=76.98 ms  window=70.55  obs=69.73  ok
[558/1755] rust-gpu-egui-softfirst-noime small   #4  content=75.25 ms  window=65.37  obs=64.59  ok
[559/1755] rust-gpu-egui-wgpu           small   #4  content=315.97 ms  window=92.77  obs=69.06  ok
[560/1755] rust-gpu-iced-tinyskia       small   #4  content=117.7 ms  window=112.71  obs=85.71  ok
[561/1755] rust-webview                 small   #4  content=465.63 ms  window=86.32  obs=58.93  ok
[562/1755] rust-webview-tao             small   #4  content=468.99 ms  window=189.89  obs=67.07  ok
[563/1755] rust-webview-tauri           small   #4  content=589.82 ms  window=509.12  obs=66.23  ok
[564/1755] qt                           small   #4  content=133.91 ms  window=126.86  obs=102.03  ok
[565/1755] qt-dll                       small   #4  content=159.86 ms  window=146.62  obs=120.14  ok
[566/1755] qt-full                      small   #4  content=132.95 ms  window=125.23  obs=98.41  ok
[567/1755] avalonia                     small   #4  content=123.6 ms  window=108.32  obs=87.96  ok
[568/1755] avalonia-exe                 small   #4  content=148.2 ms  window=129.05  obs=108.04  ok
[569/1755] avalonia-gpu                 small   #4  content=333.55 ms  window=274.67  obs=253.92  ok
[570/1755] avalonia-stock               small   #4  content=545.3 ms  window=484.91  obs=464.27  ok
[571/1755] winui3                       small   #4  content=297.73 ms  window=124.61  obs=120.45  ok
[572/1755] winui3-webview2              small   #4  content=480.13 ms  window=135.49  obs=130.93  ok
[573/1755] winui3-r2r                   small   #4  content=353.34 ms  window=206.75  obs=202.79  ok
[574/1755] winui3-fluent                small   #4  content=424.55 ms  window=329.24  obs=323.22  ok
[575/1755] wpf                          small   #4  content=274.49 ms  window=267.19  obs=226.7  ok
[576/1755] wpf-hw                       small   #4  content=283.3 ms  window=276.9  obs=236.15  ok
[577/1755] wpf-apphost                  small   #4  content=341.17 ms  window=334.65  obs=269.61  ok
[578/1755] wpf-plain                    small   #4  content=494.25 ms  window=483.17  obs=407.57  ok
[579/1755] electron                     small   #4  content=722.6 ms  window=622.16  obs=598.78  ok
[580/1755] electron-gpu                 small   #4  content=809.61 ms  window=632.04  obs=603.36  ok
[581/1755] electron-default             small   #4  content=856.16 ms  window=724.6  obs=700.39  ok
[582/1755] ext-vscode                   small   #4  content=1154.29 ms  window=None  obs=1154.29  ok
[583/1755] ext-void                     small   #4  content=1456.93 ms  window=None  obs=1456.93  ok
[584/1755] ext-cursor                   small   #4  content=2334.05 ms  window=None  obs=2334.05  ok
[585/1755] ext-notepad                  small   #4  content=486.94 ms  window=None  obs=486.94  ok
[586/1755] baseline-win32               medium  #4  content=77.58 ms  window=72.87  obs=47.08  ok
[587/1755] cpp-d2d                      medium  #4  content=55.57 ms  window=47.5  obs=42.34  ok
[588/1755] cpp-d2d-warp                 medium  #4  content=85.65 ms  window=51.18  obs=42.39  ok
[589/1755] cpp-d2d-gpu                  medium  #4  content=261.18 ms  window=49.86  obs=42.12  ok
[590/1755] cpp-richedit-wl-mt           medium  #4  content=71.86 ms  window=55.91  obs=42.64  ok
[591/1755] cpp-richedit                 medium  #4  content=84.51 ms  window=77.58  obs=63.42  ok
[592/1755] cpp-richedit-d2d             medium  #4  content=78.86 ms  window=69.21  obs=41.3  ok
[593/1755] cpp-richedit-full            medium  #4  content=103.42 ms  window=101.05  obs=81.39  ok
[594/1755] cpp-webview2                 medium  #4  content=444.04 ms  window=82.87  obs=57.03  ok
[595/1755] cpp-webview2-default         medium  #4  content=479.87 ms  window=93.63  obs=69.57  ok
[596/1755] litehtml-sciter-litehtml     medium  #4  content=103.46 ms  window=65.04  obs=56.82  ok
[597/1755] litehtml-sciter-litehtml-gpu medium  #4  content=256.94 ms  window=254.54  obs=47.05  ok
[598/1755] litehtml-sciter-sciter       medium  #4  content=308.79 ms  window=297.0  obs=290.01  ok
[599/1755] blitz                        medium  #4  content=115.02 ms  window=110.59  obs=71.71  ok
[600/1755] blitz-full                   medium  #4  content=116.19 ms  window=112.75  obs=68.19  ok
[601/1755] blitz-gpu                    medium  #4  content=751.39 ms  window=745.08  obs=107.81  ok
[602/1755] rust-gpu-egui-softfirst      medium  #4  content=97.69 ms  window=91.07  obs=90.25  ok
[603/1755] rust-gpu-egui-softfirst-noime medium  #4  content=77.03 ms  window=69.45  obs=68.53  ok
[604/1755] rust-gpu-egui-wgpu           medium  #4  content=332.43 ms  window=106.09  obs=74.57  ok
[605/1755] rust-gpu-iced-tinyskia       medium  #4  content=132.74 ms  window=128.01  obs=86.52  ok
[606/1755] rust-webview                 medium  #4  content=504.67 ms  window=119.83  obs=88.1  ok
[607/1755] rust-webview-tao             medium  #4  content=519.98 ms  window=275.66  obs=91.88  ok
[608/1755] rust-webview-tauri           medium  #4  content=665.12 ms  window=546.88  obs=70.4  ok
[609/1755] qt                           medium  #4  content=146.14 ms  window=140.73  obs=107.89  ok
[610/1755] qt-dll                       medium  #4  content=154.41 ms  window=148.75  obs=115.83  ok
[611/1755] qt-full                      medium  #4  content=155.57 ms  window=142.95  obs=108.28  ok
[612/1755] avalonia                     medium  #4  content=136.74 ms  window=124.64  obs=103.66  ok
[613/1755] avalonia-exe                 medium  #4  content=175.22 ms  window=158.51  obs=137.91  ok
[614/1755] avalonia-gpu                 medium  #4  content=336.34 ms  window=289.27  obs=269.68  ok
[615/1755] avalonia-stock               medium  #4  content=588.55 ms  window=514.23  obs=489.35  ok
[616/1755] winui3                       medium  #4  content=334.81 ms  window=123.36  obs=119.68  ok
[617/1755] winui3-webview2              medium  #4  content=520.67 ms  window=138.03  obs=134.16  ok
[618/1755] winui3-r2r                   medium  #4  content=394.79 ms  window=203.1  obs=199.52  ok
[619/1755] winui3-fluent                medium  #4  content=452.03 ms  window=334.72  obs=328.53  ok
[620/1755] wpf                          medium  #4  content=288.85 ms  window=281.81  obs=234.98  ok
[621/1755] wpf-hw                       medium  #4  content=283.7 ms  window=275.39  obs=231.41  ok
[622/1755] wpf-apphost                  medium  #4  content=319.78 ms  window=313.61  obs=267.44  ok
[623/1755] wpf-plain                    medium  #4  content=496.85 ms  window=486.4  obs=413.77  ok
[624/1755] electron                     medium  #4  content=754.03 ms  window=635.07  obs=611.72  ok
[625/1755] electron-gpu                 medium  #4  content=813.95 ms  window=633.13  obs=603.86  ok
[626/1755] electron-default             medium  #4  content=901.29 ms  window=744.74  obs=718.4  ok
[627/1755] ext-vscode                   medium  #4  content=1136.47 ms  window=None  obs=1136.47  ok
[628/1755] ext-void                     medium  #4  content=1437.87 ms  window=None  obs=1437.87  ok
[629/1755] ext-cursor                   medium  #4  content=2377.06 ms  window=None  obs=2377.06  ok
[630/1755] ext-notepad                  medium  #4  content=463.64 ms  window=None  obs=463.64  ok
[631/1755] baseline-win32               large   #4  content=74.17 ms  window=67.14  obs=41.97  ok
[632/1755] cpp-d2d                      large   #4  content=60.56 ms  window=50.63  obs=43.88  ok
[633/1755] cpp-d2d-warp                 large   #4  content=92.82 ms  window=55.53  obs=47.08  ok
[634/1755] cpp-d2d-gpu                  large   #4  content=262.4 ms  window=53.44  obs=46.6  ok
[635/1755] cpp-richedit-wl-mt           large   #4  content=66.69 ms  window=56.33  obs=44.36  ok
[636/1755] cpp-richedit                 large   #4  content=87.14 ms  window=83.56  obs=66.51  ok
[637/1755] cpp-richedit-d2d             large   #4  content=80.24 ms  window=70.66  obs=41.64  ok
[638/1755] cpp-richedit-full            large   #4  content=987.1 ms  window=981.75  obs=962.6  ok
[639/1755] cpp-webview2                 large   #4  content=451.46 ms  window=82.84  obs=54.64  ok
[640/1755] cpp-webview2-default         large   #4  content=2095.66 ms  window=76.33  obs=52.01  ok
[641/1755] litehtml-sciter-litehtml     large   #4  content=101.43 ms  window=60.99  obs=51.6  ok
[642/1755] litehtml-sciter-litehtml-gpu large   #4  content=254.02 ms  window=54.77  obs=47.62  ok
[643/1755] litehtml-sciter-sciter       large   #4  content=338.8 ms  window=323.53  obs=316.8  ok
[644/1755] blitz                        large   #4  content=118.73 ms  window=111.88  obs=76.03  ok
[645/1755] blitz-full                   large   #4  content=2501.84 ms  window=2501.01  obs=69.42  ok
[646/1755] blitz-gpu                    large   #4  content=740.31 ms  window=732.4  obs=101.45  ok
[647/1755] rust-gpu-egui-softfirst      large   #4  content=83.89 ms  window=74.98  obs=74.29  ok
[648/1755] rust-gpu-egui-softfirst-noime large   #4  content=77.16 ms  window=69.15  obs=68.35  ok
[649/1755] rust-gpu-egui-wgpu           large   #4  content=323.68 ms  window=94.35  obs=73.4  ok
[650/1755] rust-gpu-iced-tinyskia       large   #4  content=181.47 ms  window=176.52  obs=86.91  ok
[651/1755] rust-webview                 large   #4  content=485.05 ms  window=86.18  obs=59.47  ok
[652/1755] rust-webview-tao             large   #4  content=487.28 ms  window=198.97  obs=68.8  ok
[653/1755] rust-webview-tauri           large   #4  content=671.76 ms  window=523.12  obs=65.9  ok
[654/1755] qt                           large   #4  content=152.88 ms  window=140.73  obs=109.66  ok
[655/1755] qt-dll                       large   #4  content=160.65 ms  window=154.74  obs=120.25  ok
[656/1755] qt-full                      large   #4  content=780.1 ms  window=761.14  obs=722.16  ok
[657/1755] avalonia                     large   #4  content=142.24 ms  window=118.73  obs=96.24  ok
[658/1755] avalonia-exe                 large   #4  content=168.45 ms  window=144.67  obs=120.86  ok
[659/1755] avalonia-gpu                 large   #4  content=332.19 ms  window=285.52  obs=266.2  ok
[660/1755] avalonia-stock               large   #4  content=571.91 ms  window=512.94  obs=490.6  ok
[661/1755] winui3                       large   #4  content=346.0 ms  window=133.35  obs=128.93  ok
[662/1755] winui3-webview2              large   #4  content=510.95 ms  window=137.11  obs=132.44  ok
[663/1755] winui3-r2r                   large   #4  content=382.77 ms  window=208.0  obs=204.13  ok
[664/1755] winui3-fluent                large   #4  content=442.78 ms  window=329.31  obs=322.74  ok
[665/1755] wpf                          large   #4  content=293.83 ms  window=287.24  obs=232.35  ok
[666/1755] wpf-hw                       large   #4  content=2376.16 ms  window=2367.13  obs=2307.22  ok
[667/1755] wpf-apphost                  large   #4  content=327.19 ms  window=316.49  obs=267.43  ok
[668/1755] wpf-plain                    large   #4  content=478.41 ms  window=468.65  obs=401.93  ok
[669/1755] electron                     large   #4  content=759.36 ms  window=633.46  obs=608.78  ok
[670/1755] electron-gpu                 large   #4  content=818.62 ms  window=624.1  obs=598.03  ok
[671/1755] electron-default             large   #4  content=1397.24 ms  window=1159.28  obs=1131.75  ok
[672/1755] ext-vscode                   large   #4  content=1127.96 ms  window=None  obs=1127.96  ok
[673/1755] ext-void                     large   #4  content=1433.68 ms  window=None  obs=1433.68  ok
[674/1755] ext-cursor                   large   #4  content=2310.77 ms  window=None  obs=2310.77  ok
[675/1755] ext-notepad                  large   #4  content=703.99 ms  window=None  obs=703.99  ok
[676/1755] baseline-win32               small   #5  content=105.06 ms  window=95.85  obs=63.52  ok
[677/1755] cpp-d2d                      small   #5  content=60.9 ms  window=51.26  obs=44.97  ok
[678/1755] cpp-d2d-warp                 small   #5  content=73.32 ms  window=50.85  obs=43.63  ok
[679/1755] cpp-d2d-gpu                  small   #5  content=225.14 ms  window=48.56  obs=40.69  ok
[680/1755] cpp-richedit-wl-mt           small   #5  content=69.96 ms  window=60.02  obs=41.87  ok
[681/1755] cpp-richedit                 small   #5  content=78.85 ms  window=72.04  obs=58.59  ok
[682/1755] cpp-richedit-d2d             small   #5  content=78.66 ms  window=67.87  obs=39.71  ok
[683/1755] cpp-richedit-full            small   #5  content=85.33 ms  window=82.12  obs=64.16  ok
[684/1755] cpp-webview2                 small   #5  content=443.8 ms  window=95.25  obs=70.5  ok
[685/1755] cpp-webview2-default         small   #5  content=438.85 ms  window=73.57  obs=50.12  ok
[686/1755] litehtml-sciter-litehtml     small   #5  content=85.14 ms  window=60.73  obs=52.07  ok
[687/1755] litehtml-sciter-litehtml-gpu small   #5  content=234.78 ms  window=231.61  obs=46.45  ok
[688/1755] litehtml-sciter-sciter       small   #5  content=312.47 ms  window=297.0  obs=290.77  ok
[689/1755] blitz                        small   #5  content=113.7 ms  window=105.52  obs=73.64  ok
[690/1755] blitz-full                   small   #5  content=104.53 ms  window=97.41  obs=66.85  ok
[691/1755] blitz-gpu                    small   #5  content=721.33 ms  window=716.23  obs=89.32  ok
[692/1755] rust-gpu-egui-softfirst      small   #5  content=82.88 ms  window=75.1  obs=73.86  ok
[693/1755] rust-gpu-egui-softfirst-noime small   #5  content=82.2 ms  window=70.99  obs=69.91  ok
[694/1755] rust-gpu-egui-wgpu           small   #5  content=323.74 ms  window=90.21  obs=64.78  ok
[695/1755] rust-gpu-iced-tinyskia       small   #5  content=123.96 ms  window=120.02  obs=91.68  ok
[696/1755] rust-webview                 small   #5  content=469.64 ms  window=90.57  obs=59.43  ok
[697/1755] rust-webview-tao             small   #5  content=471.18 ms  window=228.72  obs=67.58  ok
[698/1755] rust-webview-tauri           small   #5  content=591.29 ms  window=507.21  obs=64.44  ok
[699/1755] qt                           small   #5  content=138.61 ms  window=131.86  obs=105.88  ok
[700/1755] qt-dll                       small   #5  content=148.05 ms  window=139.17  obs=112.3  ok
[701/1755] qt-full                      small   #5  content=129.43 ms  window=122.17  obs=96.32  ok
[702/1755] avalonia                     small   #5  content=123.44 ms  window=106.94  obs=86.45  ok
[703/1755] avalonia-exe                 small   #5  content=148.01 ms  window=127.89  obs=107.21  ok
[704/1755] avalonia-gpu                 small   #5  content=338.11 ms  window=284.18  obs=262.52  ok
[705/1755] avalonia-stock               small   #5  content=580.26 ms  window=488.25  obs=465.93  ok
[706/1755] winui3                       small   #5  content=296.54 ms  window=123.28  obs=119.17  ok
[707/1755] winui3-webview2              small   #5  content=466.77 ms  window=129.82  obs=125.72  ok
[708/1755] winui3-r2r                   small   #5  content=370.1 ms  window=218.91  obs=214.09  ok
[709/1755] winui3-fluent                small   #5  content=425.23 ms  window=324.72  obs=318.39  ok
[710/1755] wpf                          small   #5  content=295.96 ms  window=285.95  obs=231.01  ok
[711/1755] wpf-hw                       small   #5  content=290.56 ms  window=279.55  obs=231.29  ok
[712/1755] wpf-apphost                  small   #5  content=320.44 ms  window=309.64  obs=266.87  ok
[713/1755] wpf-plain                    small   #5  content=472.08 ms  window=467.07  obs=400.74  ok
[714/1755] electron                     small   #5  content=735.41 ms  window=623.75  obs=597.04  ok
[715/1755] electron-gpu                 small   #5  content=809.46 ms  window=622.95  obs=596.68  ok
[716/1755] electron-default             small   #5  content=863.52 ms  window=736.04  obs=709.47  ok
[717/1755] ext-vscode                   small   #5  content=1133.8 ms  window=None  obs=1133.8  ok
[718/1755] ext-void                     small   #5  content=1440.85 ms  window=None  obs=1440.85  ok
[719/1755] ext-cursor                   small   #5  content=2300.71 ms  window=None  obs=2300.71  ok
[720/1755] ext-notepad                  small   #5  content=522.61 ms  window=None  obs=522.61  ok
[721/1755] baseline-win32               medium  #5  content=87.43 ms  window=78.68  obs=51.99  ok
[722/1755] cpp-d2d                      medium  #5  content=56.1 ms  window=47.98  obs=42.03  ok
[723/1755] cpp-d2d-warp                 medium  #5  content=110.07 ms  window=69.71  obs=61.86  ok
[724/1755] cpp-d2d-gpu                  medium  #5  content=255.01 ms  window=47.64  obs=40.94  ok
[725/1755] cpp-richedit-wl-mt           medium  #5  content=72.37 ms  window=55.84  obs=43.13  ok
[726/1755] cpp-richedit                 medium  #5  content=84.19 ms  window=77.03  obs=61.9  ok
[727/1755] cpp-richedit-d2d             medium  #5  content=78.99 ms  window=69.41  obs=40.19  ok
[728/1755] cpp-richedit-full            medium  #5  content=102.87 ms  window=97.36  obs=79.41  ok
[729/1755] cpp-webview2                 medium  #5  content=450.81 ms  window=81.57  obs=52.77  ok
[730/1755] cpp-webview2-default         medium  #5  content=462.26 ms  window=83.06  obs=54.24  ok
[731/1755] litehtml-sciter-litehtml     medium  #5  content=102.92 ms  window=69.49  obs=60.53  ok
[732/1755] litehtml-sciter-litehtml-gpu medium  #5  content=273.56 ms  window=270.64  obs=51.03  ok
[733/1755] litehtml-sciter-sciter       medium  #5  content=321.16 ms  window=305.63  obs=297.7  ok
[734/1755] blitz                        medium  #5  content=120.44 ms  window=112.6  obs=76.48  ok
[735/1755] blitz-full                   medium  #5  content=108.89 ms  window=105.15  obs=71.22  ok
[736/1755] blitz-gpu                    medium  #5  content=735.29 ms  window=729.52  obs=95.45  ok
[737/1755] rust-gpu-egui-softfirst      medium  #5  content=81.48 ms  window=73.82  obs=73.41  ok
[738/1755] rust-gpu-egui-softfirst-noime medium  #5  content=88.26 ms  window=81.7  obs=80.77  ok
[739/1755] rust-gpu-egui-wgpu           medium  #5  content=322.78 ms  window=98.17  obs=72.21  ok
[740/1755] rust-gpu-iced-tinyskia       medium  #5  content=123.27 ms  window=119.28  obs=83.65  ok
[741/1755] rust-webview                 medium  #5  content=474.32 ms  window=85.08  obs=58.67  ok
[742/1755] rust-webview-tao             medium  #5  content=487.93 ms  window=239.53  obs=85.74  ok
[743/1755] rust-webview-tauri           medium  #5  content=670.08 ms  window=553.08  obs=71.9  ok
[744/1755] qt                           medium  #5  content=147.6 ms  window=141.08  obs=109.93  ok
[745/1755] qt-dll                       medium  #5  content=154.88 ms  window=148.33  obs=115.87  ok
[746/1755] qt-full                      medium  #5  content=160.03 ms  window=147.9  obs=109.73  ok
[747/1755] avalonia                     medium  #5  content=161.58 ms  window=140.18  obs=119.86  ok
[748/1755] avalonia-exe                 medium  #5  content=164.77 ms  window=143.77  obs=123.69  ok
[749/1755] avalonia-gpu                 medium  #5  content=344.54 ms  window=282.06  obs=261.94  ok
[750/1755] avalonia-stock               medium  #5  content=550.92 ms  window=496.43  obs=476.42  ok
[751/1755] winui3                       medium  #5  content=323.48 ms  window=121.25  obs=117.25  ok
[752/1755] winui3-webview2              medium  #5  content=509.59 ms  window=138.34  obs=134.08  ok
[753/1755] winui3-r2r                   medium  #5  content=383.95 ms  window=199.48  obs=196.24  ok
[754/1755] winui3-fluent                medium  #5  content=448.28 ms  window=330.19  obs=323.94  ok
[755/1755] wpf                          medium  #5  content=299.84 ms  window=290.9  obs=229.92  ok
[756/1755] wpf-hw                       medium  #5  content=313.84 ms  window=304.53  obs=237.91  ok
[757/1755] wpf-apphost                  medium  #5  content=326.98 ms  window=315.86  obs=265.64  ok
[758/1755] wpf-plain                    medium  #5  content=489.35 ms  window=479.92  obs=400.82  ok
[759/1755] electron                     medium  #5  content=757.77 ms  window=639.93  obs=615.97  ok
[760/1755] electron-gpu                 medium  #5  content=807.25 ms  window=630.18  obs=602.28  ok
[761/1755] electron-default             medium  #5  content=918.63 ms  window=762.09  obs=732.72  ok
[762/1755] ext-vscode                   medium  #5  content=1134.75 ms  window=None  obs=1134.75  ok
[763/1755] ext-void                     medium  #5  content=1487.01 ms  window=None  obs=1487.01  ok
[764/1755] ext-cursor                   medium  #5  content=2357.37 ms  window=None  obs=2357.37  ok
[765/1755] ext-notepad                  medium  #5  content=497.64 ms  window=None  obs=497.64  ok
[766/1755] baseline-win32               large   #5  content=81.37 ms  window=74.32  obs=46.69  ok
[767/1755] cpp-d2d                      large   #5  content=74.06 ms  window=66.87  obs=59.53  ok
[768/1755] cpp-d2d-warp                 large   #5  content=91.15 ms  window=50.07  obs=42.09  ok
[769/1755] cpp-d2d-gpu                  large   #5  content=267.11 ms  window=51.82  obs=43.7  ok
[770/1755] cpp-richedit-wl-mt           large   #5  content=71.02 ms  window=57.96  obs=44.4  ok
[771/1755] cpp-richedit                 large   #5  content=86.39 ms  window=78.05  obs=63.46  ok
[772/1755] cpp-richedit-d2d             large   #5  content=89.31 ms  window=75.21  obs=41.15  ok
[773/1755] cpp-richedit-full            large   #5  content=996.7 ms  window=989.85  obs=971.96  ok
[774/1755] cpp-webview2                 large   #5  content=444.99 ms  window=82.35  obs=54.46  ok
[775/1755] cpp-webview2-default         large   #5  content=2115.66 ms  window=81.34  obs=53.55  ok
[776/1755] litehtml-sciter-litehtml     large   #5  content=101.91 ms  window=63.05  obs=52.37  ok
[777/1755] litehtml-sciter-litehtml-gpu large   #5  content=253.79 ms  window=54.17  obs=46.76  ok
[778/1755] litehtml-sciter-sciter       large   #5  content=326.28 ms  window=309.48  obs=301.73  ok
[779/1755] blitz                        large   #5  content=113.61 ms  window=107.93  obs=74.49  ok
[780/1755] blitz-full                   large   #5  content=2477.57 ms  window=2474.09  obs=71.13  ok
[781/1755] blitz-gpu                    large   #5  content=756.41 ms  window=749.76  obs=100.27  ok
[782/1755] rust-gpu-egui-softfirst      large   #5  content=80.53 ms  window=74.64  obs=73.87  ok
[783/1755] rust-gpu-egui-softfirst-noime large   #5  content=76.06 ms  window=69.65  obs=68.7  ok
[784/1755] rust-gpu-egui-wgpu           large   #5  content=340.66 ms  window=102.4  obs=73.18  ok
[785/1755] rust-gpu-iced-tinyskia       large   #5  content=183.05 ms  window=177.88  obs=95.05  ok
[786/1755] rust-webview                 large   #5  content=454.21 ms  window=86.36  obs=58.7  ok
[787/1755] rust-webview-tao             large   #5  content=2545.54 ms  window=2273.85  obs=2124.11  ok
[788/1755] rust-webview-tauri           large   #5  content=653.27 ms  window=540.34  obs=69.49  ok
[789/1755] qt                           large   #5  content=153.83 ms  window=143.71  obs=110.29  ok
[790/1755] qt-dll                       large   #5  content=160.41 ms  window=149.26  obs=116.2  ok
[791/1755] qt-full                      large   #5  content=719.99 ms  window=701.48  obs=670.86  ok
[792/1755] avalonia                     large   #5  content=140.73 ms  window=124.03  obs=102.07  ok
[793/1755] avalonia-exe                 large   #5  content=162.87 ms  window=142.4  obs=118.12  ok
[794/1755] avalonia-gpu                 large   #5  content=342.7 ms  window=281.57  obs=260.44  ok
[795/1755] avalonia-stock               large   #5  content=565.85 ms  window=507.17  obs=485.34  ok
[796/1755] winui3                       large   #5  content=329.28 ms  window=121.48  obs=117.2  ok
[797/1755] winui3-webview2              large   #5  content=498.34 ms  window=133.44  obs=129.54  ok
[798/1755] winui3-r2r                   large   #5  content=400.58 ms  window=216.74  obs=213.21  ok
[799/1755] winui3-fluent                large   #5  content=478.0 ms  window=353.98  obs=348.49  ok
[800/1755] wpf                          large   #5  content=295.28 ms  window=284.33  obs=241.97  ok
[801/1755] wpf-hw                       large   #5  content=303.6 ms  window=297.03  obs=238.02  ok
[802/1755] wpf-apphost                  large   #5  content=339.98 ms  window=328.87  obs=277.21  ok
[803/1755] wpf-plain                    large   #5  content=491.65 ms  window=479.89  obs=398.13  ok
[804/1755] electron                     large   #5  content=742.22 ms  window=623.47  obs=595.58  ok
[805/1755] electron-gpu                 large   #5  content=814.39 ms  window=631.43  obs=601.42  ok
[806/1755] electron-default             large   #5  content=1379.01 ms  window=1148.58  obs=1125.74  ok
[807/1755] ext-vscode                   large   #5  content=1116.27 ms  window=None  obs=1116.27  ok
[808/1755] ext-void                     large   #5  content=1434.51 ms  window=None  obs=1434.51  ok
[809/1755] ext-cursor                   large   #5  content=2389.25 ms  window=None  obs=2389.25  ok
[810/1755] ext-notepad                  large   #5  content=699.18 ms  window=None  obs=699.18  ok
[811/1755] baseline-win32               small   #6  content=77.49 ms  window=71.58  obs=43.04  ok
[812/1755] cpp-d2d                      small   #6  content=59.82 ms  window=49.07  obs=43.11  ok
[813/1755] cpp-d2d-warp                 small   #6  content=75.59 ms  window=48.14  obs=40.49  ok
[814/1755] cpp-d2d-gpu                  small   #6  content=228.46 ms  window=47.1  obs=39.5  ok
[815/1755] cpp-richedit-wl-mt           small   #6  content=72.07 ms  window=58.46  obs=41.6  ok
[816/1755] cpp-richedit                 small   #6  content=79.0 ms  window=74.7  obs=60.97  ok
[817/1755] cpp-richedit-d2d             small   #6  content=90.96 ms  window=75.47  obs=42.91  ok
[818/1755] cpp-richedit-full            small   #6  content=90.22 ms  window=87.53  obs=66.35  ok
[819/1755] cpp-webview2                 small   #6  content=413.74 ms  window=83.52  obs=57.83  ok
[820/1755] cpp-webview2-default         small   #6  content=430.23 ms  window=73.19  obs=50.55  ok
[821/1755] litehtml-sciter-litehtml     small   #6  content=85.41 ms  window=61.22  obs=52.1  ok
[822/1755] litehtml-sciter-litehtml-gpu small   #6  content=240.93 ms  window=234.03  obs=48.75  ok
[823/1755] litehtml-sciter-sciter       small   #6  content=319.23 ms  window=300.31  obs=293.72  ok
[824/1755] blitz                        small   #6  content=112.63 ms  window=108.19  obs=73.79  ok
[825/1755] blitz-full                   small   #6  content=102.25 ms  window=98.83  obs=67.73  ok
[826/1755] blitz-gpu                    small   #6  content=764.55 ms  window=755.79  obs=109.74  ok
[827/1755] rust-gpu-egui-softfirst      small   #6  content=79.36 ms  window=72.09  obs=71.85  ok
[828/1755] rust-gpu-egui-softfirst-noime small   #6  content=74.46 ms  window=65.41  obs=64.76  ok
[829/1755] rust-gpu-egui-wgpu           small   #6  content=328.32 ms  window=89.89  obs=66.97  ok
[830/1755] rust-gpu-iced-tinyskia       small   #6  content=119.39 ms  window=114.47  obs=84.63  ok
[831/1755] rust-webview                 small   #6  content=508.05 ms  window=87.59  obs=61.72  ok
[832/1755] rust-webview-tao             small   #6  content=465.54 ms  window=210.1  obs=68.78  ok
[833/1755] rust-webview-tauri           small   #6  content=606.04 ms  window=527.72  obs=63.83  ok
[834/1755] qt                           small   #6  content=138.24 ms  window=129.2  obs=104.43  ok
[835/1755] qt-dll                       small   #6  content=149.4 ms  window=140.29  obs=113.54  ok
[836/1755] qt-full                      small   #6  content=149.99 ms  window=139.49  obs=114.84  ok
[837/1755] avalonia                     small   #6  content=132.28 ms  window=116.63  obs=93.66  ok
[838/1755] avalonia-exe                 small   #6  content=155.31 ms  window=134.41  obs=111.76  ok
[839/1755] avalonia-gpu                 small   #6  content=317.74 ms  window=270.31  obs=253.21  ok
[840/1755] avalonia-stock               small   #6  content=592.92 ms  window=496.4  obs=472.76  ok
[841/1755] winui3                       small   #6  content=298.6 ms  window=119.4  obs=115.8  ok
[842/1755] winui3-webview2              small   #6  content=472.33 ms  window=125.77  obs=120.8  ok
[843/1755] winui3-r2r                   small   #6  content=357.68 ms  window=200.92  obs=196.95  ok
[844/1755] winui3-fluent                small   #6  content=434.99 ms  window=337.76  obs=331.2  ok
[845/1755] wpf                          small   #6  content=283.6 ms  window=272.52  obs=223.82  ok
[846/1755] wpf-hw                       small   #6  content=290.42 ms  window=279.59  obs=229.87  ok
[847/1755] wpf-apphost                  small   #6  content=332.38 ms  window=322.85  obs=279.08  ok
[848/1755] wpf-plain                    small   #6  content=497.03 ms  window=491.14  obs=406.24  ok
[849/1755] electron                     small   #6  content=733.38 ms  window=621.89  obs=598.9  ok
[850/1755] electron-gpu                 small   #6  content=807.91 ms  window=637.34  obs=609.25  ok
[851/1755] electron-default             small   #6  content=852.99 ms  window=730.59  obs=704.93  ok
[852/1755] ext-vscode                   small   #6  content=1162.21 ms  window=None  obs=1162.21  ok
[853/1755] ext-void                     small   #6  content=1466.24 ms  window=None  obs=1466.24  ok
[854/1755] ext-cursor                   small   #6  content=2331.99 ms  window=None  obs=2331.99  ok
[855/1755] ext-notepad                  small   #6  content=457.32 ms  window=None  obs=457.32  ok
[856/1755] baseline-win32               medium  #6  content=76.1 ms  window=69.62  obs=42.86  ok
[857/1755] cpp-d2d                      medium  #6  content=58.22 ms  window=48.1  obs=41.89  ok
[858/1755] cpp-d2d-warp                 medium  #6  content=90.83 ms  window=50.05  obs=42.07  ok
[859/1755] cpp-d2d-gpu                  medium  #6  content=266.52 ms  window=67.03  obs=60.14  ok
[860/1755] cpp-richedit-wl-mt           medium  #6  content=66.84 ms  window=55.55  obs=42.66  ok
[861/1755] cpp-richedit                 medium  #6  content=80.56 ms  window=76.37  obs=62.85  ok
[862/1755] cpp-richedit-d2d             medium  #6  content=85.67 ms  window=69.67  obs=40.68  ok
[863/1755] cpp-richedit-full            medium  #6  content=106.28 ms  window=97.41  obs=78.49  ok
[864/1755] cpp-webview2                 medium  #6  content=460.79 ms  window=78.66  obs=57.11  ok
[865/1755] cpp-webview2-default         medium  #6  content=466.16 ms  window=74.89  obs=51.86  ok
[866/1755] litehtml-sciter-litehtml     medium  #6  content=97.14 ms  window=66.69  obs=56.29  ok
[867/1755] litehtml-sciter-litehtml-gpu medium  #6  content=255.25 ms  window=251.32  obs=49.11  ok
[868/1755] litehtml-sciter-sciter       medium  #6  content=326.68 ms  window=316.32  obs=308.78  ok
[869/1755] blitz                        medium  #6  content=119.19 ms  window=114.38  obs=72.58  ok
[870/1755] blitz-full                   medium  #6  content=114.74 ms  window=110.25  obs=72.07  ok
[871/1755] blitz-gpu                    medium  #6  content=717.16 ms  window=710.61  obs=96.81  ok
[872/1755] rust-gpu-egui-softfirst      medium  #6  content=80.5 ms  window=70.65  obs=69.88  ok
[873/1755] rust-gpu-egui-softfirst-noime medium  #6  content=76.36 ms  window=67.09  obs=66.42  ok
[874/1755] rust-gpu-egui-wgpu           medium  #6  content=328.96 ms  window=94.61  obs=71.0  ok
[875/1755] rust-gpu-iced-tinyskia       medium  #6  content=130.62 ms  window=127.31  obs=86.97  ok
[876/1755] rust-webview                 medium  #6  content=474.36 ms  window=84.42  obs=59.59  ok
[877/1755] rust-webview-tao             medium  #6  content=465.48 ms  window=200.5  obs=71.32  ok
[878/1755] rust-webview-tauri           medium  #6  content=627.74 ms  window=513.49  obs=69.03  ok
[879/1755] qt                           medium  #6  content=149.1 ms  window=141.78  obs=108.73  ok
[880/1755] qt-dll                       medium  #6  content=147.55 ms  window=143.54  obs=110.76  ok
[881/1755] qt-full                      medium  #6  content=155.06 ms  window=145.45  obs=110.04  ok
[882/1755] avalonia                     medium  #6  content=148.98 ms  window=121.73  obs=102.15  ok
[883/1755] avalonia-exe                 medium  #6  content=168.02 ms  window=147.66  obs=124.74  ok
[884/1755] avalonia-gpu                 medium  #6  content=364.92 ms  window=296.51  obs=274.88  ok
[885/1755] avalonia-stock               medium  #6  content=552.08 ms  window=491.14  obs=470.48  ok
[886/1755] winui3                       medium  #6  content=316.02 ms  window=120.91  obs=116.68  ok
[887/1755] winui3-webview2              medium  #6  content=515.13 ms  window=131.23  obs=126.42  ok
[888/1755] winui3-r2r                   medium  #6  content=382.54 ms  window=205.89  obs=201.79  ok
[889/1755] winui3-fluent                medium  #6  content=443.36 ms  window=335.62  obs=328.31  ok
[890/1755] wpf                          medium  #6  content=288.29 ms  window=277.36  obs=226.13  ok
[891/1755] wpf-hw                       medium  #6  content=303.81 ms  window=293.09  obs=243.8  ok
[892/1755] wpf-apphost                  medium  #6  content=345.51 ms  window=334.78  obs=270.46  ok
[893/1755] wpf-plain                    medium  #6  content=476.13 ms  window=469.84  obs=394.7  ok
[894/1755] electron                     medium  #6  content=746.41 ms  window=623.2  obs=598.54  ok
[895/1755] electron-gpu                 medium  #6  content=800.27 ms  window=617.89  obs=591.54  ok
[896/1755] electron-default             medium  #6  content=895.11 ms  window=741.02  obs=715.33  ok
[897/1755] ext-vscode                   medium  #6  content=1169.24 ms  window=None  obs=1169.24  ok
[898/1755] ext-void                     medium  #6  content=1458.32 ms  window=None  obs=1458.32  ok
[899/1755] ext-cursor                   medium  #6  content=2308.37 ms  window=None  obs=2308.37  ok
[900/1755] ext-notepad                  medium  #6  content=465.56 ms  window=None  obs=465.56  ok
[901/1755] baseline-win32               large   #6  content=77.03 ms  window=72.17  obs=46.02  ok
[902/1755] cpp-d2d                      large   #6  content=56.1 ms  window=50.16  obs=43.27  ok
[903/1755] cpp-d2d-warp                 large   #6  content=84.85 ms  window=49.34  obs=41.65  ok
[904/1755] cpp-d2d-gpu                  large   #6  content=249.85 ms  window=48.7  obs=41.92  ok
[905/1755] cpp-richedit-wl-mt           large   #6  content=72.52 ms  window=58.19  obs=43.37  ok
[906/1755] cpp-richedit                 large   #6  content=86.42 ms  window=79.29  obs=63.42  ok
[907/1755] cpp-richedit-d2d             large   #6  content=79.19 ms  window=69.04  obs=40.12  ok
[908/1755] cpp-richedit-full            large   #6  content=999.25 ms  window=992.46  obs=971.57  ok
[909/1755] cpp-webview2                 large   #6  content=444.08 ms  window=83.33  obs=56.68  ok
[910/1755] cpp-webview2-default         large   #6  content=2089.54 ms  window=77.08  obs=53.62  ok
[911/1755] litehtml-sciter-litehtml     large   #6  content=2192.47 ms  window=2153.78  obs=2145.3  ok
[912/1755] litehtml-sciter-litehtml-gpu large   #6  content=272.9 ms  window=56.54  obs=48.23  ok
[913/1755] litehtml-sciter-sciter       large   #6  content=315.43 ms  window=299.57  obs=293.4  ok
[914/1755] blitz                        large   #6  content=119.11 ms  window=112.87  obs=73.76  ok
[915/1755] blitz-full                   large   #6  content=2476.76 ms  window=2475.19  obs=69.5  ok
[916/1755] blitz-gpu                    large   #6  content=749.41 ms  window=743.42  obs=111.43  ok
[917/1755] rust-gpu-egui-softfirst      large   #6  content=84.38 ms  window=75.66  obs=75.0  ok
[918/1755] rust-gpu-egui-softfirst-noime large   #6  content=76.02 ms  window=68.89  obs=67.97  ok
[919/1755] rust-gpu-egui-wgpu           large   #6  content=322.97 ms  window=96.46  obs=71.26  ok
[920/1755] rust-gpu-iced-tinyskia       large   #6  content=183.31 ms  window=178.7  obs=91.36  ok
[921/1755] rust-webview                 large   #6  content=471.18 ms  window=87.41  obs=60.29  ok
[922/1755] rust-webview-tao             large   #6  content=497.03 ms  window=231.4  obs=75.91  ok
[923/1755] rust-webview-tauri           large   #6  content=664.4 ms  window=551.65  obs=64.85  ok
[924/1755] qt                           large   #6  content=146.67 ms  window=139.14  obs=107.85  ok
[925/1755] qt-dll                       large   #6  content=159.89 ms  window=151.24  obs=119.03  ok
[926/1755] qt-full                      large   #6  content=723.85 ms  window=707.41  obs=672.11  ok
[927/1755] avalonia                     large   #6  content=142.83 ms  window=126.81  obs=100.56  ok
[928/1755] avalonia-exe                 large   #6  content=162.23 ms  window=144.72  obs=120.93  ok
[929/1755] avalonia-gpu                 large   #6  content=319.79 ms  window=277.29  obs=256.6  ok
[930/1755] avalonia-stock               large   #6  content=578.6 ms  window=514.8  obs=493.57  ok
[931/1755] winui3                       large   #6  content=330.5 ms  window=126.92  obs=122.87  ok
[932/1755] winui3-webview2              large   #6  content=491.05 ms  window=132.98  obs=129.2  ok
[933/1755] winui3-r2r                   large   #6  content=387.45 ms  window=209.58  obs=206.55  ok
[934/1755] winui3-fluent                large   #6  content=460.57 ms  window=338.12  obs=332.45  ok
[935/1755] wpf                          large   #6  content=301.73 ms  window=293.71  obs=226.98  ok
[936/1755] wpf-hw                       large   #6  content=313.47 ms  window=304.92  obs=239.2  ok
[937/1755] wpf-apphost                  large   #6  content=326.45 ms  window=316.92  obs=272.8  ok
[938/1755] wpf-plain                    large   #6  content=502.08 ms  window=491.39  obs=419.51  ok
[939/1755] electron                     large   #6  content=734.07 ms  window=617.81  obs=595.51  ok
[940/1755] electron-gpu                 large   #6  content=802.06 ms  window=624.18  obs=593.49  ok
[941/1755] electron-default             large   #6  content=1403.77 ms  window=1164.78  obs=1136.18  ok
[942/1755] ext-vscode                   large   #6  content=1210.88 ms  window=None  obs=1210.88  ok
[943/1755] ext-void                     large   #6  content=1410.45 ms  window=None  obs=1410.45  ok
[944/1755] ext-cursor                   large   #6  content=2361.08 ms  window=None  obs=2361.08  ok
[945/1755] ext-notepad                  large   #6  content=692.84 ms  window=None  obs=692.84  ok
[946/1755] baseline-win32               small   #7  content=80.67 ms  window=73.62  obs=42.91  ok
[947/1755] cpp-d2d                      small   #7  content=56.46 ms  window=48.87  obs=43.08  ok
[948/1755] cpp-d2d-warp                 small   #7  content=74.96 ms  window=47.14  obs=40.54  ok
[949/1755] cpp-d2d-gpu                  small   #7  content=227.82 ms  window=47.11  obs=40.24  ok
[950/1755] cpp-richedit-wl-mt           small   #7  content=65.13 ms  window=56.73  obs=43.72  ok
[951/1755] cpp-richedit                 small   #7  content=78.51 ms  window=73.64  obs=58.89  ok
[952/1755] cpp-richedit-d2d             small   #7  content=98.28 ms  window=88.46  obs=58.96  ok
[953/1755] cpp-richedit-full            small   #7  content=93.07 ms  window=86.65  obs=68.83  ok
[954/1755] cpp-webview2                 small   #7  content=424.89 ms  window=81.56  obs=55.4  ok
[955/1755] cpp-webview2-default         small   #7  content=465.83 ms  window=74.51  obs=51.88  ok
[956/1755] litehtml-sciter-litehtml     small   #7  content=86.89 ms  window=61.58  obs=52.74  ok
[957/1755] litehtml-sciter-litehtml-gpu small   #7  content=259.04 ms  window=252.81  obs=65.37  ok
[958/1755] litehtml-sciter-sciter       small   #7  content=324.63 ms  window=309.45  obs=301.86  ok
[959/1755] blitz                        small   #7  content=116.17 ms  window=111.07  obs=74.4  ok
[960/1755] blitz-full                   small   #7  content=107.39 ms  window=99.64  obs=69.43  ok
[961/1755] blitz-gpu                    small   #7  content=746.86 ms  window=740.51  obs=109.26  ok
[962/1755] rust-gpu-egui-softfirst      small   #7  content=78.11 ms  window=68.42  obs=67.76  ok
[963/1755] rust-gpu-egui-softfirst-noime small   #7  content=76.58 ms  window=66.38  obs=66.05  ok
[964/1755] rust-gpu-egui-wgpu           small   #7  content=317.0 ms  window=90.67  obs=66.11  ok
[965/1755] rust-gpu-iced-tinyskia       small   #7  content=119.29 ms  window=113.81  obs=87.32  ok
[966/1755] rust-webview                 small   #7  content=472.62 ms  window=89.17  obs=61.13  ok
[967/1755] rust-webview-tao             small   #7  content=471.03 ms  window=197.31  obs=69.67  ok
[968/1755] rust-webview-tauri           small   #7  content=583.6 ms  window=501.98  obs=66.52  ok
[969/1755] qt                           small   #7  content=139.18 ms  window=128.29  obs=103.57  ok
[970/1755] qt-dll                       small   #7  content=149.62 ms  window=140.93  obs=114.45  ok
[971/1755] qt-full                      small   #7  content=136.5 ms  window=125.84  obs=99.67  ok
[972/1755] avalonia                     small   #7  content=136.29 ms  window=113.7  obs=91.32  ok
[973/1755] avalonia-exe                 small   #7  content=149.58 ms  window=129.29  obs=105.78  ok
[974/1755] avalonia-gpu                 small   #7  content=365.21 ms  window=296.69  obs=274.01  ok
[975/1755] avalonia-stock               small   #7  content=570.65 ms  window=503.97  obs=481.14  ok
[976/1755] winui3                       small   #7  content=302.06 ms  window=120.07  obs=116.2  ok
[977/1755] winui3-webview2              small   #7  content=473.8 ms  window=127.02  obs=123.21  ok
[978/1755] winui3-r2r                   small   #7  content=375.51 ms  window=222.49  obs=218.31  ok
[979/1755] winui3-fluent                small   #7  content=425.68 ms  window=330.62  obs=324.53  ok
[980/1755] wpf                          small   #7  content=297.06 ms  window=285.01  obs=230.22  ok
[981/1755] wpf-hw                       small   #7  content=275.17 ms  window=269.34  obs=226.45  ok
[982/1755] wpf-apphost                  small   #7  content=342.54 ms  window=331.29  obs=271.2  ok
[983/1755] wpf-plain                    small   #7  content=478.15 ms  window=473.01  obs=398.19  ok
[984/1755] electron                     small   #7  content=721.77 ms  window=618.51  obs=594.27  ok
[985/1755] electron-gpu                 small   #7  content=799.9 ms  window=618.62  obs=592.02  ok
[986/1755] electron-default             small   #7  content=858.85 ms  window=725.21  obs=700.95  ok
[987/1755] ext-vscode                   small   #7  content=1210.36 ms  window=None  obs=1210.36  ok
[988/1755] ext-void                     small   #7  content=1402.98 ms  window=None  obs=1402.98  ok
[989/1755] ext-cursor                   small   #7  content=2357.83 ms  window=None  obs=2357.83  ok
[990/1755] ext-notepad                  small   #7  content=461.64 ms  window=None  obs=461.64  ok
[991/1755] baseline-win32               medium  #7  content=93.03 ms  window=87.03  obs=63.88  ok
[992/1755] cpp-d2d                      medium  #7  content=55.39 ms  window=48.11  obs=42.04  ok
[993/1755] cpp-d2d-warp                 medium  #7  content=92.24 ms  window=50.59  obs=42.69  ok
[994/1755] cpp-d2d-gpu                  medium  #7  content=248.23 ms  window=46.15  obs=39.9  ok
[995/1755] cpp-richedit-wl-mt           medium  #7  content=72.53 ms  window=59.22  obs=44.77  ok
[996/1755] cpp-richedit                 medium  #7  content=84.2 ms  window=77.0  obs=62.31  ok
[997/1755] cpp-richedit-d2d             medium  #7  content=92.79 ms  window=77.06  obs=44.35  ok
[998/1755] cpp-richedit-full            medium  #7  content=103.3 ms  window=99.83  obs=81.77  ok
[999/1755] cpp-webview2                 medium  #7  content=442.98 ms  window=81.61  obs=55.31  ok
[1000/1755] cpp-webview2-default         medium  #7  content=450.79 ms  window=76.78  obs=52.01  ok
[1001/1755] litehtml-sciter-litehtml     medium  #7  content=103.37 ms  window=61.78  obs=53.63  ok
[1002/1755] litehtml-sciter-litehtml-gpu medium  #7  content=279.3 ms  window=276.31  obs=69.51  ok
[1003/1755] litehtml-sciter-sciter       medium  #7  content=312.31 ms  window=300.25  obs=293.73  ok
[1004/1755] blitz                        medium  #7  content=107.67 ms  window=104.45  obs=70.58  ok
[1005/1755] blitz-full                   medium  #7  content=107.87 ms  window=101.9  obs=66.83  ok
[1006/1755] blitz-gpu                    medium  #7  content=734.12 ms  window=726.29  obs=91.44  ok
[1007/1755] rust-gpu-egui-softfirst      medium  #7  content=81.06 ms  window=70.21  obs=69.14  ok
[1008/1755] rust-gpu-egui-softfirst-noime medium  #7  content=76.42 ms  window=66.59  obs=65.95  ok
[1009/1755] rust-gpu-egui-wgpu           medium  #7  content=322.98 ms  window=94.23  obs=70.1  ok
[1010/1755] rust-gpu-iced-tinyskia       medium  #7  content=129.11 ms  window=126.62  obs=85.26  ok
[1011/1755] rust-webview                 medium  #7  content=472.88 ms  window=84.25  obs=59.96  ok
[1012/1755] rust-webview-tao             medium  #7  content=464.28 ms  window=192.14  obs=70.49  ok
[1013/1755] rust-webview-tauri           medium  #7  content=646.77 ms  window=529.89  obs=89.57  ok
[1014/1755] qt                           medium  #7  content=155.89 ms  window=146.62  obs=110.96  ok
[1015/1755] qt-dll                       medium  #7  content=159.5 ms  window=151.26  obs=116.33  ok
[1016/1755] qt-full                      medium  #7  content=179.13 ms  window=172.02  obs=130.56  ok
[1017/1755] avalonia                     medium  #7  content=148.86 ms  window=123.56  obs=102.34  ok
[1018/1755] avalonia-exe                 medium  #7  content=166.43 ms  window=145.06  obs=123.6  ok
[1019/1755] avalonia-gpu                 medium  #7  content=338.8 ms  window=282.57  obs=263.64  ok
[1020/1755] avalonia-stock               medium  #7  content=587.21 ms  window=519.03  obs=499.0  ok
[1021/1755] winui3                       medium  #7  content=328.33 ms  window=123.88  obs=119.93  ok
[1022/1755] winui3-webview2              medium  #7  content=520.48 ms  window=154.43  obs=150.45  ok
[1023/1755] winui3-r2r                   medium  #7  content=400.66 ms  window=217.81  obs=213.46  ok
[1024/1755] winui3-fluent                medium  #7  content=431.04 ms  window=318.18  obs=313.07  ok
[1025/1755] wpf                          medium  #7  content=283.23 ms  window=275.05  obs=230.53  ok
[1026/1755] wpf-hw                       medium  #7  content=312.83 ms  window=302.17  obs=231.62  ok
[1027/1755] wpf-apphost                  medium  #7  content=327.73 ms  window=318.02  obs=275.61  ok
[1028/1755] wpf-plain                    medium  #7  content=507.85 ms  window=497.39  obs=417.3  ok
[1029/1755] electron                     medium  #7  content=748.16 ms  window=624.07  obs=599.54  ok
[1030/1755] electron-gpu                 medium  #7  content=829.58 ms  window=652.41  obs=622.87  ok
[1031/1755] electron-default             medium  #7  content=895.66 ms  window=740.31  obs=716.59  ok
[1032/1755] ext-vscode                   medium  #7  content=1124.16 ms  window=None  obs=1124.16  ok
[1033/1755] ext-void                     medium  #7  content=1472.02 ms  window=None  obs=1472.02  ok
[1034/1755] ext-cursor                   medium  #7  content=2304.28 ms  window=None  obs=2304.28  ok
[1035/1755] ext-notepad                  medium  #7  content=505.99 ms  window=None  obs=505.99  ok
[1036/1755] baseline-win32               large   #7  content=2786.65 ms  window=2779.68  obs=2755.62  ok
[1037/1755] cpp-d2d                      large   #7  content=56.0 ms  window=50.38  obs=42.87  ok
[1038/1755] cpp-d2d-warp                 large   #7  content=104.83 ms  window=66.65  obs=59.49  ok
[1039/1755] cpp-d2d-gpu                  large   #7  content=251.14 ms  window=50.38  obs=42.56  ok
[1040/1755] cpp-richedit-wl-mt           large   #7  content=67.01 ms  window=56.2  obs=43.62  ok
[1041/1755] cpp-richedit                 large   #7  content=85.36 ms  window=79.71  obs=64.0  ok
[1042/1755] cpp-richedit-d2d             large   #7  content=84.42 ms  window=69.38  obs=42.1  ok
[1043/1755] cpp-richedit-full            large   #7  content=994.58 ms  window=989.69  obs=971.2  ok
[1044/1755] cpp-webview2                 large   #7  content=444.89 ms  window=79.15  obs=55.13  ok
[1045/1755] cpp-webview2-default         large   #7  content=2118.34 ms  window=75.16  obs=51.51  ok
[1046/1755] litehtml-sciter-litehtml     large   #7  content=94.58 ms  window=64.13  obs=54.29  ok
[1047/1755] litehtml-sciter-litehtml-gpu large   #7  content=266.72 ms  window=55.71  obs=47.62  ok
[1048/1755] litehtml-sciter-sciter       large   #7  content=338.38 ms  window=323.8  obs=316.76  ok
[1049/1755] blitz                        large   #7  content=131.66 ms  window=124.73  obs=92.81  ok
[1050/1755] blitz-full                   large   #7  content=2472.04 ms  window=2468.63  obs=75.33  ok
[1051/1755] blitz-gpu                    large   #7  content=747.56 ms  window=738.61  obs=94.49  ok
[1052/1755] rust-gpu-egui-softfirst      large   #7  content=81.59 ms  window=74.79  obs=73.91  ok
[1053/1755] rust-gpu-egui-softfirst-noime large   #7  content=81.4 ms  window=70.91  obs=70.01  ok
[1054/1755] rust-gpu-egui-wgpu           large   #7  content=324.42 ms  window=100.36  obs=73.32  ok
[1055/1755] rust-gpu-iced-tinyskia       large   #7  content=201.04 ms  window=193.71  obs=108.3  ok
[1056/1755] rust-webview                 large   #7  content=485.47 ms  window=84.05  obs=59.99  ok
[1057/1755] rust-webview-tao             large   #7  content=495.97 ms  window=196.48  obs=69.62  ok
[1058/1755] rust-webview-tauri           large   #7  content=675.32 ms  window=530.24  obs=66.56  ok
[1059/1755] qt                           large   #7  content=167.05 ms  window=157.63  obs=127.28  ok
[1060/1755] qt-dll                       large   #7  content=161.16 ms  window=152.5  obs=118.9  ok
[1061/1755] qt-full                      large   #7  content=724.33 ms  window=706.31  obs=673.67  ok
[1062/1755] avalonia                     large   #7  content=140.11 ms  window=121.6  obs=100.02  ok
[1063/1755] avalonia-exe                 large   #7  content=168.6 ms  window=146.12  obs=120.91  ok
[1064/1755] avalonia-gpu                 large   #7  content=325.21 ms  window=275.97  obs=256.95  ok
[1065/1755] avalonia-stock               large   #7  content=559.8 ms  window=504.37  obs=484.81  ok
[1066/1755] winui3                       large   #7  content=341.88 ms  window=129.6  obs=125.57  ok
[1067/1755] winui3-webview2              large   #7  content=509.04 ms  window=129.3  obs=125.08  ok
[1068/1755] winui3-r2r                   large   #7  content=389.26 ms  window=204.78  obs=201.18  ok
[1069/1755] winui3-fluent                large   #7  content=441.86 ms  window=323.35  obs=316.6  ok
[1070/1755] wpf                          large   #7  content=277.2 ms  window=271.55  obs=231.14  ok
[1071/1755] wpf-hw                       large   #7  content=314.28 ms  window=303.0  obs=237.53  ok
[1072/1755] wpf-apphost                  large   #7  content=332.71 ms  window=321.45  obs=272.11  ok
[1073/1755] wpf-plain                    large   #7  content=513.02 ms  window=502.11  obs=433.03  ok
[1074/1755] electron                     large   #7  content=752.12 ms  window=635.65  obs=610.76  ok
[1075/1755] electron-gpu                 large   #7  content=808.95 ms  window=631.7  obs=600.88  ok
[1076/1755] electron-default             large   #7  content=1386.56 ms  window=1151.35  obs=1128.09  ok
[1077/1755] ext-vscode                   large   #7  content=1098.88 ms  window=None  obs=1098.88  ok
[1078/1755] ext-void                     large   #7  content=1445.59 ms  window=None  obs=1445.59  ok
[1079/1755] ext-cursor                   large   #7  content=2363.28 ms  window=None  obs=2363.28  ok
[1080/1755] ext-notepad                  large   #7  content=752.24 ms  window=None  obs=752.24  ok
[1081/1755] baseline-win32               small   #8  content=73.53 ms  window=68.17  obs=44.26  ok
[1082/1755] cpp-d2d                      small   #8  content=60.15 ms  window=50.29  obs=44.08  ok
[1083/1755] cpp-d2d-warp                 small   #8  content=67.42 ms  window=48.8  obs=40.86  ok
[1084/1755] cpp-d2d-gpu                  small   #8  content=229.4 ms  window=48.84  obs=41.44  ok
[1085/1755] cpp-richedit-wl-mt           small   #8  content=70.94 ms  window=61.08  obs=43.19  ok
[1086/1755] cpp-richedit                 small   #8  content=78.74 ms  window=73.71  obs=58.8  ok
[1087/1755] cpp-richedit-d2d             small   #8  content=77.48 ms  window=67.54  obs=39.9  ok
[1088/1755] cpp-richedit-full            small   #8  content=97.26 ms  window=89.62  obs=68.87  ok
[1089/1755] cpp-webview2                 small   #8  content=444.24 ms  window=95.12  obs=61.84  ok
[1090/1755] cpp-webview2-default         small   #8  content=447.78 ms  window=76.63  obs=50.66  ok
[1091/1755] litehtml-sciter-litehtml     small   #8  content=88.64 ms  window=62.32  obs=52.14  ok
[1092/1755] litehtml-sciter-litehtml-gpu small   #8  content=235.95 ms  window=232.96  obs=48.42  ok
[1093/1755] litehtml-sciter-sciter       small   #8  content=318.6 ms  window=300.49  obs=294.32  ok
[1094/1755] blitz                        small   #8  content=103.94 ms  window=99.78  obs=69.8  ok
[1095/1755] blitz-full                   small   #8  content=102.55 ms  window=95.96  obs=66.75  ok
[1096/1755] blitz-gpu                    small   #8  content=745.79 ms  window=737.03  obs=99.03  ok
[1097/1755] rust-gpu-egui-softfirst      small   #8  content=75.08 ms  window=68.77  obs=67.85  ok
[1098/1755] rust-gpu-egui-softfirst-noime small   #8  content=76.15 ms  window=67.59  obs=67.18  ok
[1099/1755] rust-gpu-egui-wgpu           small   #8  content=322.44 ms  window=89.27  obs=67.42  ok
[1100/1755] rust-gpu-iced-tinyskia       small   #8  content=123.48 ms  window=116.83  obs=88.42  ok
[1101/1755] rust-webview                 small   #8  content=441.22 ms  window=82.59  obs=58.49  ok
[1102/1755] rust-webview-tao             small   #8  content=464.17 ms  window=199.21  obs=65.28  ok
[1103/1755] rust-webview-tauri           small   #8  content=601.55 ms  window=519.44  obs=69.69  ok
[1104/1755] qt                           small   #8  content=143.77 ms  window=132.47  obs=107.03  ok
[1105/1755] qt-dll                       small   #8  content=151.19 ms  window=140.74  obs=114.67  ok
[1106/1755] qt-full                      small   #8  content=135.45 ms  window=125.54  obs=99.19  ok
[1107/1755] avalonia                     small   #8  content=125.54 ms  window=105.76  obs=85.34  ok
[1108/1755] avalonia-exe                 small   #8  content=148.19 ms  window=131.11  obs=109.87  ok
[1109/1755] avalonia-gpu                 small   #8  content=317.14 ms  window=272.23  obs=254.57  ok
[1110/1755] avalonia-stock               small   #8  content=569.26 ms  window=487.31  obs=465.65  ok
[1111/1755] winui3                       small   #8  content=316.52 ms  window=130.06  obs=126.12  ok
[1112/1755] winui3-webview2              small   #8  content=509.95 ms  window=141.13  obs=136.21  ok
[1113/1755] winui3-r2r                   small   #8  content=364.68 ms  window=202.17  obs=197.45  ok
[1114/1755] winui3-fluent                small   #8  content=423.12 ms  window=333.17  obs=327.07  ok
[1115/1755] wpf                          small   #8  content=276.26 ms  window=269.01  obs=223.03  ok
[1116/1755] wpf-hw                       small   #8  content=308.88 ms  window=298.06  obs=248.0  ok
[1117/1755] wpf-apphost                  small   #8  content=321.74 ms  window=311.34  obs=269.74  ok
[1118/1755] wpf-plain                    small   #8  content=489.01 ms  window=478.85  obs=403.07  ok
[1119/1755] electron                     small   #8  content=723.73 ms  window=622.94  obs=596.22  ok
[1120/1755] electron-gpu                 small   #8  content=797.4 ms  window=620.25  obs=590.52  ok
[1121/1755] electron-default             small   #8  content=835.74 ms  window=722.69  obs=700.01  ok
[1122/1755] ext-vscode                   small   #8  content=1186.45 ms  window=None  obs=1186.45  ok
[1123/1755] ext-void                     small   #8  content=1457.62 ms  window=None  obs=1457.62  ok
[1124/1755] ext-cursor                   small   #8  content=2380.05 ms  window=None  obs=2380.05  ok
[1125/1755] ext-notepad                  small   #8  content=467.32 ms  window=None  obs=467.32  ok
[1126/1755] baseline-win32               medium  #8  content=84.99 ms  window=77.76  obs=46.2  ok
[1127/1755] cpp-d2d                      medium  #8  content=60.29 ms  window=49.49  obs=42.67  ok
[1128/1755] cpp-d2d-warp                 medium  #8  content=93.2 ms  window=51.34  obs=44.22  ok
[1129/1755] cpp-d2d-gpu                  medium  #8  content=259.3 ms  window=49.73  obs=41.34  ok
[1130/1755] cpp-richedit-wl-mt           medium  #8  content=67.22 ms  window=55.81  obs=43.86  ok
[1131/1755] cpp-richedit                 medium  #8  content=79.59 ms  window=76.06  obs=60.42  ok
[1132/1755] cpp-richedit-d2d             medium  #8  content=80.88 ms  window=71.31  obs=41.43  ok
[1133/1755] cpp-richedit-full            medium  #8  content=103.19 ms  window=98.27  obs=79.31  ok
[1134/1755] cpp-webview2                 medium  #8  content=450.49 ms  window=82.31  obs=55.07  ok
[1135/1755] cpp-webview2-default         medium  #8  content=455.49 ms  window=70.78  obs=47.8  ok
[1136/1755] litehtml-sciter-litehtml     medium  #8  content=103.74 ms  window=61.17  obs=53.7  ok
[1137/1755] litehtml-sciter-litehtml-gpu medium  #8  content=261.07 ms  window=254.43  obs=49.37  ok
[1138/1755] litehtml-sciter-sciter       medium  #8  content=308.1 ms  window=296.76  obs=289.66  ok
[1139/1755] blitz                        medium  #8  content=110.01 ms  window=106.22  obs=69.87  ok
[1140/1755] blitz-full                   medium  #8  content=107.74 ms  window=105.32  obs=69.24  ok
[1141/1755] blitz-gpu                    medium  #8  content=734.82 ms  window=729.5  obs=103.41  ok
[1142/1755] rust-gpu-egui-softfirst      medium  #8  content=76.95 ms  window=70.14  obs=69.34  ok
[1143/1755] rust-gpu-egui-softfirst-noime medium  #8  content=74.53 ms  window=66.25  obs=65.32  ok
[1144/1755] rust-gpu-egui-wgpu           medium  #8  content=328.28 ms  window=92.55  obs=68.16  ok
[1145/1755] rust-gpu-iced-tinyskia       medium  #8  content=123.0 ms  window=119.98  obs=83.61  ok
[1146/1755] rust-webview                 medium  #8  content=469.15 ms  window=91.89  obs=62.3  ok
[1147/1755] rust-webview-tao             medium  #8  content=477.58 ms  window=197.95  obs=70.1  ok
[1148/1755] rust-webview-tauri           medium  #8  content=631.47 ms  window=506.71  obs=68.49  ok
[1149/1755] qt                           medium  #8  content=143.11 ms  window=139.71  obs=108.62  ok
[1150/1755] qt-dll                       medium  #8  content=153.83 ms  window=151.09  obs=118.92  ok
[1151/1755] qt-full                      medium  #8  content=155.89 ms  window=143.34  obs=108.43  ok
[1152/1755] avalonia                     medium  #8  content=149.5 ms  window=125.31  obs=104.37  ok
[1153/1755] avalonia-exe                 medium  #8  content=167.85 ms  window=144.05  obs=120.86  ok
[1154/1755] avalonia-gpu                 medium  #8  content=343.69 ms  window=285.84  obs=264.43  ok
[1155/1755] avalonia-stock               medium  #8  content=569.61 ms  window=499.76  obs=477.82  ok
[1156/1755] winui3                       medium  #8  content=323.83 ms  window=121.37  obs=117.15  ok
[1157/1755] winui3-webview2              medium  #8  content=487.07 ms  window=124.78  obs=120.15  ok
[1158/1755] winui3-r2r                   medium  #8  content=375.61 ms  window=206.21  obs=202.64  ok
[1159/1755] winui3-fluent                medium  #8  content=2542.64 ms  window=2424.83  obs=2418.22  ok
[1160/1755] wpf                          medium  #8  content=282.95 ms  window=273.52  obs=230.8  ok
[1161/1755] wpf-hw                       medium  #8  content=288.61 ms  window=278.54  obs=227.5  ok
[1162/1755] wpf-apphost                  medium  #8  content=333.28 ms  window=322.49  obs=272.38  ok
[1163/1755] wpf-plain                    medium  #8  content=477.99 ms  window=467.51  obs=398.23  ok
[1164/1755] electron                     medium  #8  content=753.24 ms  window=627.49  obs=604.38  ok
[1165/1755] electron-gpu                 medium  #8  content=805.43 ms  window=622.96  obs=597.1  ok
[1166/1755] electron-default             medium  #8  content=901.38 ms  window=751.53  obs=726.97  ok
[1167/1755] ext-vscode                   medium  #8  content=1126.58 ms  window=None  obs=1126.58  ok
[1168/1755] ext-void                     medium  #8  content=1425.11 ms  window=None  obs=1425.11  ok
[1169/1755] ext-cursor                   medium  #8  content=2377.53 ms  window=None  obs=2377.53  ok
[1170/1755] ext-notepad                  medium  #8  content=471.26 ms  window=None  obs=471.26  ok
[1171/1755] baseline-win32               large   #8  content=79.41 ms  window=71.63  obs=46.01  ok
[1172/1755] cpp-d2d                      large   #8  content=61.04 ms  window=51.66  obs=45.08  ok
[1173/1755] cpp-d2d-warp                 large   #8  content=91.12 ms  window=54.35  obs=46.0  ok
[1174/1755] cpp-d2d-gpu                  large   #8  content=255.61 ms  window=51.43  obs=43.26  ok
[1175/1755] cpp-richedit-wl-mt           large   #8  content=66.46 ms  window=56.14  obs=43.97  ok
[1176/1755] cpp-richedit                 large   #8  content=84.93 ms  window=79.8  obs=64.14  ok
[1177/1755] cpp-richedit-d2d             large   #8  content=87.78 ms  window=77.59  obs=45.1  ok
[1178/1755] cpp-richedit-full            large   #8  content=1007.8 ms  window=1003.96  obs=986.09  ok
[1179/1755] cpp-webview2                 large   #8  content=445.19 ms  window=85.43  obs=57.53  ok
[1180/1755] cpp-webview2-default         large   #8  content=2100.91 ms  window=78.0  obs=50.21  ok
[1181/1755] litehtml-sciter-litehtml     large   #8  content=99.58 ms  window=62.27  obs=53.84  ok
[1182/1755] litehtml-sciter-litehtml-gpu large   #8  content=259.83 ms  window=57.52  obs=47.86  ok
[1183/1755] litehtml-sciter-sciter       large   #8  content=326.8 ms  window=313.21  obs=306.34  ok
[1184/1755] blitz                        large   #8  content=121.71 ms  window=115.62  obs=78.16  ok
[1185/1755] blitz-full                   large   #8  content=2500.87 ms  window=2497.08  obs=73.75  ok
[1186/1755] blitz-gpu                    large   #8  content=732.21 ms  window=727.66  obs=92.99  ok
[1187/1755] rust-gpu-egui-softfirst      large   #8  content=82.78 ms  window=73.04  obs=71.94  ok
[1188/1755] rust-gpu-egui-softfirst-noime large   #8  content=84.68 ms  window=73.47  obs=73.01  ok
[1189/1755] rust-gpu-egui-wgpu           large   #8  content=321.14 ms  window=95.45  obs=71.55  ok
[1190/1755] rust-gpu-iced-tinyskia       large   #8  content=180.24 ms  window=175.47  obs=87.59  ok
[1191/1755] rust-webview                 large   #8  content=466.96 ms  window=89.69  obs=60.67  ok
[1192/1755] rust-webview-tao             large   #8  content=470.39 ms  window=195.33  obs=68.3  ok
[1193/1755] rust-webview-tauri           large   #8  content=675.33 ms  window=522.86  obs=68.18  ok
[1194/1755] qt                           large   #8  content=147.71 ms  window=138.72  obs=108.07  ok
[1195/1755] qt-dll                       large   #8  content=160.4 ms  window=147.41  obs=115.7  ok
[1196/1755] qt-full                      large   #8  content=724.76 ms  window=710.59  obs=678.2  ok
[1197/1755] avalonia                     large   #8  content=143.31 ms  window=123.55  obs=101.42  ok
[1198/1755] avalonia-exe                 large   #8  content=167.98 ms  window=147.36  obs=121.61  ok
[1199/1755] avalonia-gpu                 large   #8  content=326.92 ms  window=280.27  obs=260.17  ok
[1200/1755] avalonia-stock               large   #8  content=578.29 ms  window=499.47  obs=479.67  ok
[1201/1755] winui3                       large   #8  content=328.61 ms  window=125.43  obs=120.76  ok
[1202/1755] winui3-webview2              large   #8  content=500.76 ms  window=127.31  obs=123.02  ok
[1203/1755] winui3-r2r                   large   #8  content=381.67 ms  window=210.19  obs=206.07  ok
[1204/1755] winui3-fluent                large   #8  content=442.97 ms  window=323.07  obs=317.18  ok
[1205/1755] wpf                          large   #8  content=307.4 ms  window=302.21  obs=231.71  ok
[1206/1755] wpf-hw                       large   #8  content=313.49 ms  window=305.99  obs=234.29  ok
[1207/1755] wpf-apphost                  large   #8  content=332.02 ms  window=326.0  obs=268.61  ok
[1208/1755] wpf-plain                    large   #8  content=485.2 ms  window=479.52  obs=399.92  ok
[1209/1755] electron                     large   #8  content=736.95 ms  window=616.78  obs=594.53  ok
[1210/1755] electron-gpu                 large   #8  content=813.49 ms  window=627.38  obs=599.6  ok
[1211/1755] electron-default             large   #8  content=1395.98 ms  window=1160.28  obs=1136.28  ok
[1212/1755] ext-vscode                   large   #8  content=1136.15 ms  window=None  obs=1136.15  ok
[1213/1755] ext-void                     large   #8  content=1495.2 ms  window=None  obs=1495.2  ok
[1214/1755] ext-cursor                   large   #8  content=2416.4 ms  window=None  obs=2416.4  ok
[1215/1755] ext-notepad                  large   #8  content=724.04 ms  window=None  obs=724.04  ok
[1216/1755] baseline-win32               small   #9  content=75.63 ms  window=68.47  obs=43.24  ok
[1217/1755] cpp-d2d                      small   #9  content=61.39 ms  window=52.5  obs=46.48  ok
[1218/1755] cpp-d2d-warp                 small   #9  content=79.89 ms  window=55.49  obs=48.18  ok
[1219/1755] cpp-d2d-gpu                  small   #9  content=233.93 ms  window=49.18  obs=42.98  ok
[1220/1755] cpp-richedit-wl-mt           small   #9  content=67.37 ms  window=58.25  obs=43.31  ok
[1221/1755] cpp-richedit                 small   #9  content=92.58 ms  window=89.27  obs=75.2  ok
[1222/1755] cpp-richedit-d2d             small   #9  content=79.21 ms  window=68.87  obs=40.02  ok
[1223/1755] cpp-richedit-full            small   #9  content=85.47 ms  window=82.25  obs=64.59  ok
[1224/1755] cpp-webview2                 small   #9  content=407.4 ms  window=79.42  obs=52.81  ok
[1225/1755] cpp-webview2-default         small   #9  content=442.51 ms  window=81.47  obs=52.94  ok
[1226/1755] litehtml-sciter-litehtml     small   #9  content=88.56 ms  window=61.85  obs=51.69  ok
[1227/1755] litehtml-sciter-litehtml-gpu small   #9  content=240.9 ms  window=233.52  obs=48.91  ok
[1228/1755] litehtml-sciter-sciter       small   #9  content=336.69 ms  window=317.91  obs=310.48  ok
[1229/1755] blitz                        small   #9  content=105.09 ms  window=100.44  obs=69.97  ok
[1230/1755] blitz-full                   small   #9  content=115.16 ms  window=108.19  obs=70.57  ok
[1231/1755] blitz-gpu                    small   #9  content=732.15 ms  window=724.53  obs=91.08  ok
[1232/1755] rust-gpu-egui-softfirst      small   #9  content=77.49 ms  window=69.37  obs=68.36  ok
[1233/1755] rust-gpu-egui-softfirst-noime small   #9  content=74.81 ms  window=65.52  obs=64.64  ok
[1234/1755] rust-gpu-egui-wgpu           small   #9  content=335.38 ms  window=97.55  obs=70.28  ok
[1235/1755] rust-gpu-iced-tinyskia       small   #9  content=132.83 ms  window=124.66  obs=93.14  ok
[1236/1755] rust-webview                 small   #9  content=446.82 ms  window=86.66  obs=58.2  ok
[1237/1755] rust-webview-tao             small   #9  content=476.33 ms  window=211.75  obs=70.03  ok
[1238/1755] rust-webview-tauri           small   #9  content=573.86 ms  window=492.23  obs=66.59  ok
[1239/1755] qt                           small   #9  content=142.23 ms  window=133.0  obs=107.76  ok
[1240/1755] qt-dll                       small   #9  content=147.53 ms  window=138.62  obs=113.42  ok
[1241/1755] qt-full                      small   #9  content=143.81 ms  window=134.24  obs=106.23  ok
[1242/1755] avalonia                     small   #9  content=131.39 ms  window=106.17  obs=85.84  ok
[1243/1755] avalonia-exe                 small   #9  content=150.21 ms  window=133.18  obs=110.88  ok
[1244/1755] avalonia-gpu                 small   #9  content=340.68 ms  window=285.82  obs=263.64  ok
[1245/1755] avalonia-stock               small   #9  content=550.46 ms  window=486.22  obs=465.63  ok
[1246/1755] winui3                       small   #9  content=303.71 ms  window=124.44  obs=120.46  ok
[1247/1755] winui3-webview2              small   #9  content=485.57 ms  window=129.45  obs=125.48  ok
[1248/1755] winui3-r2r                   small   #9  content=360.19 ms  window=205.02  obs=201.82  ok
[1249/1755] winui3-fluent                small   #9  content=436.12 ms  window=347.36  obs=341.09  ok
[1250/1755] wpf                          small   #9  content=270.47 ms  window=264.57  obs=223.34  ok
[1251/1755] wpf-hw                       small   #9  content=292.19 ms  window=284.1  obs=227.05  ok
[1252/1755] wpf-apphost                  small   #9  content=334.15 ms  window=324.92  obs=273.3  ok
[1253/1755] wpf-plain                    small   #9  content=484.01 ms  window=462.11  obs=401.36  ok
[1254/1755] electron                     small   #9  content=733.75 ms  window=628.43  obs=601.85  ok
[1255/1755] electron-gpu                 small   #9  content=802.18 ms  window=622.8  obs=598.37  ok
[1256/1755] electron-default             small   #9  content=859.43 ms  window=718.61  obs=698.42  ok
[1257/1755] ext-vscode                   small   #9  content=1120.56 ms  window=None  obs=1120.56  ok
[1258/1755] ext-void                     small   #9  content=1421.11 ms  window=None  obs=1421.11  ok
[1259/1755] ext-cursor                   small   #9  content=2366.45 ms  window=None  obs=2366.45  ok
[1260/1755] ext-notepad                  small   #9  content=456.9 ms  window=None  obs=456.9  ok
[1261/1755] baseline-win32               medium  #9  content=78.8 ms  window=70.56  obs=47.03  ok
[1262/1755] cpp-d2d                      medium  #9  content=60.9 ms  window=51.3  obs=44.5  ok
[1263/1755] cpp-d2d-warp                 medium  #9  content=90.4 ms  window=48.04  obs=40.49  ok
[1264/1755] cpp-d2d-gpu                  medium  #9  content=261.31 ms  window=58.74  obs=49.49  ok
[1265/1755] cpp-richedit-wl-mt           medium  #9  content=72.33 ms  window=57.32  obs=42.62  ok
[1266/1755] cpp-richedit                 medium  #9  content=85.45 ms  window=79.02  obs=63.64  ok
[1267/1755] cpp-richedit-d2d             medium  #9  content=81.33 ms  window=69.88  obs=41.33  ok
[1268/1755] cpp-richedit-full            medium  #9  content=101.0 ms  window=96.17  obs=77.37  ok
[1269/1755] cpp-webview2                 medium  #9  content=450.92 ms  window=83.56  obs=55.7  ok
[1270/1755] cpp-webview2-default         medium  #9  content=465.24 ms  window=77.41  obs=50.63  ok
[1271/1755] litehtml-sciter-litehtml     medium  #9  content=104.08 ms  window=66.64  obs=55.47  ok
[1272/1755] litehtml-sciter-litehtml-gpu medium  #9  content=303.64 ms  window=296.31  obs=52.64  ok
[1273/1755] litehtml-sciter-sciter       medium  #9  content=336.84 ms  window=320.39  obs=313.5  ok
[1274/1755] blitz                        medium  #9  content=114.26 ms  window=110.17  obs=73.64  ok
[1275/1755] blitz-full                   medium  #9  content=109.06 ms  window=102.06  obs=69.37  ok
[1276/1755] blitz-gpu                    medium  #9  content=722.47 ms  window=715.99  obs=91.33  ok
[1277/1755] rust-gpu-egui-softfirst      medium  #9  content=77.53 ms  window=70.1  obs=69.34  ok
[1278/1755] rust-gpu-egui-softfirst-noime medium  #9  content=75.45 ms  window=67.12  obs=66.32  ok
[1279/1755] rust-gpu-egui-wgpu           medium  #9  content=2438.56 ms  window=2196.73  obs=2172.04  ok
[1280/1755] rust-gpu-iced-tinyskia       medium  #9  content=130.97 ms  window=123.2  obs=86.78  ok
[1281/1755] rust-webview                 medium  #9  content=472.79 ms  window=100.49  obs=76.08  ok
[1282/1755] rust-webview-tao             medium  #9  content=471.03 ms  window=196.92  obs=71.67  ok
[1283/1755] rust-webview-tauri           medium  #9  content=621.9 ms  window=496.26  obs=80.44  ok
[1284/1755] qt                           medium  #9  content=155.8 ms  window=150.9  obs=115.28  ok
[1285/1755] qt-dll                       medium  #9  content=154.35 ms  window=145.22  obs=111.97  ok
[1286/1755] qt-full                      medium  #9  content=152.73 ms  window=140.03  obs=106.19  ok
[1287/1755] avalonia                     medium  #9  content=131.56 ms  window=119.07  obs=98.34  ok
[1288/1755] avalonia-exe                 medium  #9  content=156.65 ms  window=139.02  obs=119.17  ok
[1289/1755] avalonia-gpu                 medium  #9  content=343.72 ms  window=286.46  obs=264.21  ok
[1290/1755] avalonia-stock               medium  #9  content=587.72 ms  window=500.62  obs=476.71  ok
[1291/1755] winui3                       medium  #9  content=321.53 ms  window=120.31  obs=115.78  ok
[1292/1755] winui3-webview2              medium  #9  content=490.34 ms  window=130.23  obs=126.04  ok
[1293/1755] winui3-r2r                   medium  #9  content=374.54 ms  window=205.58  obs=200.69  ok
[1294/1755] winui3-fluent                medium  #9  content=449.94 ms  window=330.38  obs=324.22  ok
[1295/1755] wpf                          medium  #9  content=284.53 ms  window=278.27  obs=231.49  ok
[1296/1755] wpf-hw                       medium  #9  content=288.66 ms  window=278.25  obs=228.62  ok
[1297/1755] wpf-apphost                  medium  #9  content=333.91 ms  window=325.39  obs=276.43  ok
[1298/1755] wpf-plain                    medium  #9  content=479.41 ms  window=471.04  obs=397.14  ok
[1299/1755] electron                     medium  #9  content=734.89 ms  window=614.72  obs=592.16  ok
[1300/1755] electron-gpu                 medium  #9  content=795.5 ms  window=618.37  obs=594.51  ok
[1301/1755] electron-default             medium  #9  content=912.8 ms  window=756.52  obs=730.53  ok
[1302/1755] ext-vscode                   medium  #9  content=1171.26 ms  window=None  obs=1171.26  ok
[1303/1755] ext-void                     medium  #9  content=1446.14 ms  window=None  obs=1446.14  ok
[1304/1755] ext-cursor                   medium  #9  content=2345.11 ms  window=None  obs=2345.11  ok
[1305/1755] ext-notepad                  medium  #9  content=471.62 ms  window=None  obs=471.62  ok
[1306/1755] baseline-win32               large   #9  content=78.32 ms  window=71.21  obs=48.32  ok
[1307/1755] cpp-d2d                      large   #9  content=60.62 ms  window=51.36  obs=44.06  ok
[1308/1755] cpp-d2d-warp                 large   #9  content=92.51 ms  window=51.53  obs=44.08  ok
[1309/1755] cpp-d2d-gpu                  large   #9  content=254.43 ms  window=50.16  obs=43.84  ok
[1310/1755] cpp-richedit-wl-mt           large   #9  content=70.71 ms  window=56.16  obs=42.86  ok
[1311/1755] cpp-richedit                 large   #9  content=84.55 ms  window=78.66  obs=64.34  ok
[1312/1755] cpp-richedit-d2d             large   #9  content=85.54 ms  window=75.32  obs=40.98  ok
[1313/1755] cpp-richedit-full            large   #9  content=996.45 ms  window=989.74  obs=969.95  ok
[1314/1755] cpp-webview2                 large   #9  content=444.98 ms  window=82.54  obs=56.0  ok
[1315/1755] cpp-webview2-default         large   #9  content=2099.69 ms  window=77.36  obs=50.27  ok
[1316/1755] litehtml-sciter-litehtml     large   #9  content=102.16 ms  window=63.03  obs=53.57  ok
[1317/1755] litehtml-sciter-litehtml-gpu large   #9  content=255.06 ms  window=56.44  obs=47.88  ok
[1318/1755] litehtml-sciter-sciter       large   #9  content=334.15 ms  window=318.26  obs=310.84  ok
[1319/1755] blitz                        large   #9  content=109.77 ms  window=104.87  obs=73.44  ok
[1320/1755] blitz-full                   large   #9  content=2555.59 ms  window=2550.05  obs=73.09  ok
[1321/1755] blitz-gpu                    large   #9  content=756.7 ms  window=746.88  obs=96.51  ok
[1322/1755] rust-gpu-egui-softfirst      large   #9  content=82.36 ms  window=72.31  obs=71.55  ok
[1323/1755] rust-gpu-egui-softfirst-noime large   #9  content=81.61 ms  window=73.68  obs=73.23  ok
[1324/1755] rust-gpu-egui-wgpu           large   #9  content=341.31 ms  window=119.21  obs=94.06  ok
[1325/1755] rust-gpu-iced-tinyskia       large   #9  content=174.57 ms  window=171.4  obs=88.1  ok
[1326/1755] rust-webview                 large   #9  content=473.02 ms  window=86.22  obs=59.48  ok
[1327/1755] rust-webview-tao             large   #9  content=473.68 ms  window=204.87  obs=73.19  ok
[1328/1755] rust-webview-tauri           large   #9  content=632.35 ms  window=513.53  obs=68.3  ok
[1329/1755] qt                           large   #9  content=147.49 ms  window=139.0  obs=108.17  ok
[1330/1755] qt-dll                       large   #9  content=161.01 ms  window=153.07  obs=118.19  ok
[1331/1755] qt-full                      large   #9  content=718.16 ms  window=700.05  obs=667.93  ok
[1332/1755] avalonia                     large   #9  content=143.44 ms  window=127.31  obs=100.71  ok
[1333/1755] avalonia-exe                 large   #9  content=156.81 ms  window=143.66  obs=120.98  ok
[1334/1755] avalonia-gpu                 large   #9  content=348.98 ms  window=298.32  obs=279.43  ok
[1335/1755] avalonia-stock               large   #9  content=556.83 ms  window=496.44  obs=476.4  ok
[1336/1755] winui3                       large   #9  content=334.5 ms  window=126.97  obs=122.72  ok
[1337/1755] winui3-webview2              large   #9  content=493.21 ms  window=128.72  obs=125.34  ok
[1338/1755] winui3-r2r                   large   #9  content=389.87 ms  window=203.94  obs=200.27  ok
[1339/1755] winui3-fluent                large   #9  content=450.41 ms  window=334.98  obs=328.76  ok
[1340/1755] wpf                          large   #9  content=314.87 ms  window=304.67  obs=238.28  ok
[1341/1755] wpf-hw                       large   #9  content=301.58 ms  window=291.6  obs=244.3  ok
[1342/1755] wpf-apphost                  large   #9  content=324.83 ms  window=315.42  obs=263.5  ok
[1343/1755] wpf-plain                    large   #9  content=483.73 ms  window=462.28  obs=401.17  ok
[1344/1755] electron                     large   #9  content=740.47 ms  window=620.3  obs=595.7  ok
[1345/1755] electron-gpu                 large   #9  content=796.5 ms  window=619.9  obs=595.22  ok
[1346/1755] electron-default             large   #9  content=1378.99 ms  window=1137.06  obs=1113.51  ok
[1347/1755] ext-vscode                   large   #9  content=1146.59 ms  window=None  obs=1146.59  ok
[1348/1755] ext-void                     large   #9  content=1404.7 ms  window=None  obs=1404.7  ok
[1349/1755] ext-cursor                   large   #9  content=2320.83 ms  window=None  obs=2320.83  ok
[1350/1755] ext-notepad                  large   #9  content=723.84 ms  window=None  obs=723.84  ok
[1351/1755] baseline-win32               small   #10 content=72.88 ms  window=66.17  obs=41.58  ok
[1352/1755] cpp-d2d                      small   #10 content=56.87 ms  window=47.61  obs=41.96  ok
[1353/1755] cpp-d2d-warp                 small   #10 content=74.77 ms  window=49.02  obs=41.75  ok
[1354/1755] cpp-d2d-gpu                  small   #10 content=239.29 ms  window=46.14  obs=39.78  ok
[1355/1755] cpp-richedit-wl-mt           small   #10 content=71.54 ms  window=61.01  obs=43.1  ok
[1356/1755] cpp-richedit                 small   #10 content=85.28 ms  window=81.31  obs=65.41  ok
[1357/1755] cpp-richedit-d2d             small   #10 content=91.5 ms  window=77.06  obs=42.82  ok
[1358/1755] cpp-richedit-full            small   #10 content=91.13 ms  window=84.27  obs=61.67  ok
[1359/1755] cpp-webview2                 small   #10 content=432.29 ms  window=81.91  obs=55.07  ok
[1360/1755] cpp-webview2-default         small   #10 content=431.12 ms  window=75.57  obs=52.71  ok
[1361/1755] litehtml-sciter-litehtml     small   #10 content=103.28 ms  window=80.8  obs=71.64  ok
[1362/1755] litehtml-sciter-litehtml-gpu small   #10 content=242.48 ms  window=237.33  obs=49.65  ok
[1363/1755] litehtml-sciter-sciter       small   #10 content=319.32 ms  window=301.48  obs=294.36  ok
[1364/1755] blitz                        small   #10 content=113.05 ms  window=107.66  obs=71.83  ok
[1365/1755] blitz-full                   small   #10 content=109.52 ms  window=102.23  obs=69.44  ok
[1366/1755] blitz-gpu                    small   #10 content=758.6 ms  window=750.7  obs=94.16  ok
[1367/1755] rust-gpu-egui-softfirst      small   #10 content=81.49 ms  window=71.19  obs=70.54  ok
[1368/1755] rust-gpu-egui-softfirst-noime small   #10 content=75.67 ms  window=65.44  obs=64.71  ok
[1369/1755] rust-gpu-egui-wgpu           small   #10 content=310.11 ms  window=92.31  obs=67.33  ok
[1370/1755] rust-gpu-iced-tinyskia       small   #10 content=119.26 ms  window=114.58  obs=86.41  ok
[1371/1755] rust-webview                 small   #10 content=459.81 ms  window=81.6  obs=59.97  ok
[1372/1755] rust-webview-tao             small   #10 content=467.58 ms  window=199.65  obs=72.5  ok
[1373/1755] rust-webview-tauri           small   #10 content=570.05 ms  window=482.62  obs=71.15  ok
[1374/1755] qt                           small   #10 content=151.56 ms  window=138.65  obs=110.39  ok
[1375/1755] qt-dll                       small   #10 content=148.87 ms  window=142.64  obs=115.72  ok
[1376/1755] qt-full                      small   #10 content=136.22 ms  window=129.79  obs=103.29  ok
[1377/1755] avalonia                     small   #10 content=126.99 ms  window=104.3  obs=84.51  ok
[1378/1755] avalonia-exe                 small   #10 content=147.97 ms  window=132.18  obs=109.66  ok
[1379/1755] avalonia-gpu                 small   #10 content=329.46 ms  window=272.03  obs=253.07  ok
[1380/1755] avalonia-stock               small   #10 content=552.13 ms  window=484.79  obs=464.68  ok
[1381/1755] winui3                       small   #10 content=296.37 ms  window=124.39  obs=120.19  ok
[1382/1755] winui3-webview2              small   #10 content=491.04 ms  window=126.04  obs=122.7  ok
[1383/1755] winui3-r2r                   small   #10 content=365.22 ms  window=215.52  obs=211.97  ok
[1384/1755] winui3-fluent                small   #10 content=435.91 ms  window=341.11  obs=334.79  ok
[1385/1755] wpf                          small   #10 content=308.25 ms  window=300.84  obs=233.92  ok
[1386/1755] wpf-hw                       small   #10 content=295.13 ms  window=288.46  obs=230.41  ok
[1387/1755] wpf-apphost                  small   #10 content=334.22 ms  window=327.33  obs=278.22  ok
[1388/1755] wpf-plain                    small   #10 content=495.18 ms  window=484.47  obs=408.98  ok
[1389/1755] electron                     small   #10 content=722.15 ms  window=617.36  obs=592.26  ok
[1390/1755] electron-gpu                 small   #10 content=853.29 ms  window=620.32  obs=592.61  ok
[1391/1755] electron-default             small   #10 content=837.52 ms  window=727.71  obs=704.51  ok
[1392/1755] ext-vscode                   small   #10 content=1151.32 ms  window=None  obs=1151.32  ok
[1393/1755] ext-void                     small   #10 content=1433.1 ms  window=None  obs=1433.1  ok
[1394/1755] ext-cursor                   small   #10 content=2329.56 ms  window=None  obs=2329.56  ok
[1395/1755] ext-notepad                  small   #10 content=464.44 ms  window=None  obs=464.44  ok
[1396/1755] baseline-win32               medium  #10 content=2224.09 ms  window=2217.73  obs=2192.17  ok
[1397/1755] cpp-d2d                      medium  #10 content=59.98 ms  window=50.45  obs=43.61  ok
[1398/1755] cpp-d2d-warp                 medium  #10 content=91.88 ms  window=48.72  obs=41.83  ok
[1399/1755] cpp-d2d-gpu                  medium  #10 content=279.55 ms  window=65.49  obs=57.58  ok
[1400/1755] cpp-richedit-wl-mt           medium  #10 content=71.38 ms  window=54.5  obs=42.54  ok
[1401/1755] cpp-richedit                 medium  #10 content=84.43 ms  window=77.46  obs=61.73  ok
[1402/1755] cpp-richedit-d2d             medium  #10 content=84.35 ms  window=74.01  obs=40.01  ok
[1403/1755] cpp-richedit-full            medium  #10 content=103.23 ms  window=96.91  obs=78.97  ok
[1404/1755] cpp-webview2                 medium  #10 content=449.12 ms  window=79.91  obs=51.82  ok
[1405/1755] cpp-webview2-default         medium  #10 content=465.33 ms  window=82.07  obs=54.25  ok
[1406/1755] litehtml-sciter-litehtml     medium  #10 content=117.42 ms  window=81.83  obs=72.82  ok
[1407/1755] litehtml-sciter-litehtml-gpu medium  #10 content=253.74 ms  window=247.4  obs=49.33  ok
[1408/1755] litehtml-sciter-sciter       medium  #10 content=321.33 ms  window=305.05  obs=298.65  ok
[1409/1755] blitz                        medium  #10 content=109.07 ms  window=103.36  obs=70.21  ok
[1410/1755] blitz-full                   medium  #10 content=114.31 ms  window=107.5  obs=71.54  ok
[1411/1755] blitz-gpu                    medium  #10 content=734.64 ms  window=726.1  obs=90.99  ok
[1412/1755] rust-gpu-egui-softfirst      medium  #10 content=95.9 ms  window=89.66  obs=89.26  ok
[1413/1755] rust-gpu-egui-softfirst-noime medium  #10 content=77.44 ms  window=70.68  obs=70.24  ok
[1414/1755] rust-gpu-egui-wgpu           medium  #10 content=330.99 ms  window=101.23  obs=72.46  ok
[1415/1755] rust-gpu-iced-tinyskia       medium  #10 content=122.2 ms  window=118.85  obs=80.63  ok
[1416/1755] rust-webview                 medium  #10 content=456.67 ms  window=87.78  obs=59.58  ok
[1417/1755] rust-webview-tao             medium  #10 content=465.58 ms  window=188.76  obs=67.99  ok
[1418/1755] rust-webview-tauri           medium  #10 content=609.63 ms  window=484.49  obs=71.54  ok
[1419/1755] qt                           medium  #10 content=145.07 ms  window=139.58  obs=105.63  ok
[1420/1755] qt-dll                       medium  #10 content=155.65 ms  window=147.05  obs=113.4  ok
[1421/1755] qt-full                      medium  #10 content=154.81 ms  window=144.19  obs=109.28  ok
[1422/1755] avalonia                     medium  #10 content=135.47 ms  window=117.98  obs=97.13  ok
[1423/1755] avalonia-exe                 medium  #10 content=160.6 ms  window=141.47  obs=118.75  ok
[1424/1755] avalonia-gpu                 medium  #10 content=354.1 ms  window=292.22  obs=269.55  ok
[1425/1755] avalonia-stock               medium  #10 content=559.75 ms  window=498.47  obs=476.97  ok
[1426/1755] winui3                       medium  #10 content=323.94 ms  window=126.23  obs=122.48  ok
[1427/1755] winui3-webview2              medium  #10 content=485.47 ms  window=131.24  obs=127.44  ok
[1428/1755] winui3-r2r                   medium  #10 content=388.88 ms  window=207.31  obs=203.03  ok
[1429/1755] winui3-fluent                medium  #10 content=448.74 ms  window=330.31  obs=324.01  ok
[1430/1755] wpf                          medium  #10 content=289.96 ms  window=278.42  obs=228.56  ok
[1431/1755] wpf-hw                       medium  #10 content=291.92 ms  window=280.2  obs=231.88  ok
[1432/1755] wpf-apphost                  medium  #10 content=339.48 ms  window=328.29  obs=273.68  ok
[1433/1755] wpf-plain                    medium  #10 content=513.84 ms  window=503.61  obs=415.4  ok
[1434/1755] electron                     medium  #10 content=764.9 ms  window=629.71  obs=606.25  ok
[1435/1755] electron-gpu                 medium  #10 content=808.75 ms  window=635.79  obs=607.03  ok
[1436/1755] electron-default             medium  #10 content=903.92 ms  window=749.23  obs=724.86  ok
[1437/1755] ext-vscode                   medium  #10 content=1116.79 ms  window=None  obs=1116.79  ok
[1438/1755] ext-void                     medium  #10 content=1365.57 ms  window=None  obs=1365.57  ok
[1439/1755] ext-cursor                   medium  #10 content=2301.4 ms  window=None  obs=2301.4  ok
[1440/1755] ext-notepad                  medium  #10 content=468.28 ms  window=None  obs=468.28  ok
[1441/1755] baseline-win32               large   #10 content=80.95 ms  window=77.91  obs=47.18  ok
[1442/1755] cpp-d2d                      large   #10 content=60.89 ms  window=51.7  obs=44.35  ok
[1443/1755] cpp-d2d-warp                 large   #10 content=93.01 ms  window=54.58  obs=45.23  ok
[1444/1755] cpp-d2d-gpu                  large   #10 content=261.97 ms  window=48.93  obs=41.61  ok
[1445/1755] cpp-richedit-wl-mt           large   #10 content=85.69 ms  window=76.33  obs=62.4  ok
[1446/1755] cpp-richedit                 large   #10 content=85.23 ms  window=79.57  obs=65.29  ok
[1447/1755] cpp-richedit-d2d             large   #10 content=85.21 ms  window=70.0  obs=41.43  ok
[1448/1755] cpp-richedit-full            large   #10 content=1001.26 ms  window=997.43  obs=977.63  ok
[1449/1755] cpp-webview2                 large   #10 content=437.89 ms  window=82.0  obs=53.57  ok
[1450/1755] cpp-webview2-default         large   #10 content=1769.36 ms  window=80.37  obs=50.39  ok
[1451/1755] litehtml-sciter-litehtml     large   #10 content=102.73 ms  window=65.33  obs=56.65  ok
[1452/1755] litehtml-sciter-litehtml-gpu large   #10 content=260.48 ms  window=55.12  obs=47.0  ok
[1453/1755] litehtml-sciter-sciter       large   #10 content=321.0 ms  window=305.81  obs=299.36  ok
[1454/1755] blitz                        large   #10 content=113.89 ms  window=109.27  obs=75.21  ok
[1455/1755] blitz-full                   large   #10 content=2489.35 ms  window=2488.26  obs=69.88  ok
[1456/1755] blitz-gpu                    large   #10 content=749.28 ms  window=743.31  obs=95.81  ok
[1457/1755] rust-gpu-egui-softfirst      large   #10 content=82.22 ms  window=74.22  obs=73.74  ok
[1458/1755] rust-gpu-egui-softfirst-noime large   #10 content=81.2 ms  window=71.02  obs=70.24  ok
[1459/1755] rust-gpu-egui-wgpu           large   #10 content=336.1 ms  window=100.32  obs=74.22  ok
[1460/1755] rust-gpu-iced-tinyskia       large   #10 content=182.26 ms  window=175.62  obs=89.12  ok
[1461/1755] rust-webview                 large   #10 content=491.63 ms  window=90.59  obs=59.99  ok
[1462/1755] rust-webview-tao             large   #10 content=507.51 ms  window=215.65  obs=71.04  ok
[1463/1755] rust-webview-tauri           large   #10 content=651.22 ms  window=532.63  obs=67.5  ok
[1464/1755] qt                           large   #10 content=153.07 ms  window=142.09  obs=110.68  ok
[1465/1755] qt-dll                       large   #10 content=154.03 ms  window=146.95  obs=115.36  ok
[1466/1755] qt-full                      large   #10 content=718.61 ms  window=700.58  obs=671.86  ok
[1467/1755] avalonia                     large   #10 content=141.91 ms  window=125.36  obs=99.15  ok
[1468/1755] avalonia-exe                 large   #10 content=163.62 ms  window=140.99  obs=119.66  ok
[1469/1755] avalonia-gpu                 large   #10 content=351.64 ms  window=277.68  obs=258.47  ok
[1470/1755] avalonia-stock               large   #10 content=584.51 ms  window=520.85  obs=499.33  ok
[1471/1755] winui3                       large   #10 content=323.77 ms  window=124.45  obs=120.86  ok
[1472/1755] winui3-webview2              large   #10 content=478.34 ms  window=128.12  obs=123.91  ok
[1473/1755] winui3-r2r                   large   #10 content=412.31 ms  window=225.31  obs=221.28  ok
[1474/1755] winui3-fluent                large   #10 content=472.68 ms  window=349.78  obs=342.89  ok
[1475/1755] wpf                          large   #10 content=307.26 ms  window=298.75  obs=230.98  ok
[1476/1755] wpf-hw                       large   #10 content=295.92 ms  window=290.21  obs=231.04  ok
[1477/1755] wpf-apphost                  large   #10 content=333.06 ms  window=324.78  obs=270.35  ok
[1478/1755] wpf-plain                    large   #10 content=488.87 ms  window=478.33  obs=407.09  ok
[1479/1755] electron                     large   #10 content=769.61 ms  window=638.34  obs=612.17  ok
[1480/1755] electron-gpu                 large   #10 content=809.49 ms  window=632.25  obs=603.13  ok
[1481/1755] electron-default             large   #10 content=1380.34 ms  window=1143.62  obs=1120.87  ok
[1482/1755] ext-vscode                   large   #10 content=1206.62 ms  window=None  obs=1206.62  ok
[1483/1755] ext-void                     large   #10 content=1499.48 ms  window=None  obs=1499.48  ok
[1484/1755] ext-cursor                   large   #10 content=2345.42 ms  window=None  obs=2345.42  ok
[1485/1755] ext-notepad                  large   #10 content=729.75 ms  window=None  obs=729.75  ok
[1486/1755] baseline-win32               small   #11 content=98.49 ms  window=92.15  obs=67.14  ok
[1487/1755] cpp-d2d                      small   #11 content=60.29 ms  window=49.74  obs=43.94  ok
[1488/1755] cpp-d2d-warp                 small   #11 content=81.57 ms  window=50.57  obs=42.9  ok
[1489/1755] cpp-d2d-gpu                  small   #11 content=246.96 ms  window=66.81  obs=59.75  ok
[1490/1755] cpp-richedit-wl-mt           small   #11 content=64.77 ms  window=56.12  obs=42.52  ok
[1491/1755] cpp-richedit                 small   #11 content=79.7 ms  window=72.12  obs=58.36  ok
[1492/1755] cpp-richedit-d2d             small   #11 content=82.12 ms  window=72.4  obs=43.41  ok
[1493/1755] cpp-richedit-full            small   #11 content=89.63 ms  window=84.62  obs=65.95  ok
[1494/1755] cpp-webview2                 small   #11 content=438.64 ms  window=81.21  obs=54.31  ok
[1495/1755] cpp-webview2-default         small   #11 content=449.88 ms  window=76.06  obs=52.29  ok
[1496/1755] litehtml-sciter-litehtml     small   #11 content=86.56 ms  window=61.19  obs=53.22  ok
[1497/1755] litehtml-sciter-litehtml-gpu small   #11 content=236.09 ms  window=233.46  obs=47.58  ok
[1498/1755] litehtml-sciter-sciter       small   #11 content=317.8 ms  window=303.81  obs=297.71  ok
[1499/1755] blitz                        small   #11 content=137.74 ms  window=132.96  obs=95.95  ok
[1500/1755] blitz-full                   small   #11 content=109.25 ms  window=103.07  obs=69.54  ok
[1501/1755] blitz-gpu                    small   #11 content=746.15 ms  window=737.49  obs=92.81  ok
[1502/1755] rust-gpu-egui-softfirst      small   #11 content=81.28 ms  window=75.35  obs=74.64  ok
[1503/1755] rust-gpu-egui-softfirst-noime small   #11 content=77.73 ms  window=67.34  obs=66.6  ok
[1504/1755] rust-gpu-egui-wgpu           small   #11 content=329.86 ms  window=96.07  obs=69.86  ok
[1505/1755] rust-gpu-iced-tinyskia       small   #11 content=119.8 ms  window=114.85  obs=86.78  ok
[1506/1755] rust-webview                 small   #11 content=480.11 ms  window=88.95  obs=62.88  ok
[1507/1755] rust-webview-tao             small   #11 content=494.91 ms  window=224.92  obs=70.71  ok
[1508/1755] rust-webview-tauri           small   #11 content=658.41 ms  window=575.78  obs=67.83  ok
[1509/1755] qt                           small   #11 content=162.43 ms  window=155.56  obs=129.46  ok
[1510/1755] qt-dll                       small   #11 content=164.52 ms  window=156.57  obs=130.55  ok
[1511/1755] qt-full                      small   #11 content=130.47 ms  window=122.96  obs=98.63  ok
[1512/1755] avalonia                     small   #11 content=142.59 ms  window=121.95  obs=101.44  ok
[1513/1755] avalonia-exe                 small   #11 content=151.05 ms  window=134.93  obs=108.64  ok
[1514/1755] avalonia-gpu                 small   #11 content=330.41 ms  window=274.45  obs=253.1  ok
[1515/1755] avalonia-stock               small   #11 content=562.06 ms  window=489.56  obs=467.76  ok
[1516/1755] winui3                       small   #11 content=291.15 ms  window=120.06  obs=116.37  ok
[1517/1755] winui3-webview2              small   #11 content=491.79 ms  window=147.02  obs=142.78  ok
[1518/1755] winui3-r2r                   small   #11 content=353.47 ms  window=198.96  obs=195.2  ok
[1519/1755] winui3-fluent                small   #11 content=418.27 ms  window=327.33  obs=321.71  ok
[1520/1755] wpf                          small   #11 content=306.87 ms  window=300.98  obs=233.21  ok
[1521/1755] wpf-hw                       small   #11 content=280.13 ms  window=271.02  obs=231.01  ok
[1522/1755] wpf-apphost                  small   #11 content=321.21 ms  window=312.98  obs=271.62  ok
[1523/1755] wpf-plain                    small   #11 content=495.38 ms  window=490.06  obs=404.01  ok
[1524/1755] electron                     small   #11 content=729.52 ms  window=623.06  obs=599.65  ok
[1525/1755] electron-gpu                 small   #11 content=2918.77 ms  window=2712.89  obs=2684.22  ok
[1526/1755] electron-default             small   #11 content=846.77 ms  window=732.01  obs=705.0  ok
[1527/1755] ext-vscode                   small   #11 content=1094.94 ms  window=None  obs=1094.94  ok
[1528/1755] ext-void                     small   #11 content=1426.34 ms  window=None  obs=1426.34  ok
[1529/1755] ext-cursor                   small   #11 content=2320.1 ms  window=None  obs=2320.1  ok
[1530/1755] ext-notepad                  small   #11 content=464.57 ms  window=None  obs=464.57  ok
[1531/1755] baseline-win32               medium  #11 content=77.34 ms  window=71.83  obs=47.87  ok
[1532/1755] cpp-d2d                      medium  #11 content=55.6 ms  window=49.05  obs=43.11  ok
[1533/1755] cpp-d2d-warp                 medium  #11 content=90.69 ms  window=51.25  obs=42.72  ok
[1534/1755] cpp-d2d-gpu                  medium  #11 content=266.4 ms  window=46.67  obs=40.67  ok
[1535/1755] cpp-richedit-wl-mt           medium  #11 content=73.03 ms  window=59.73  obs=45.56  ok
[1536/1755] cpp-richedit                 medium  #11 content=84.94 ms  window=79.41  obs=65.38  ok
[1537/1755] cpp-richedit-d2d             medium  #11 content=91.82 ms  window=76.28  obs=41.29  ok
[1538/1755] cpp-richedit-full            medium  #11 content=102.3 ms  window=97.4  obs=79.75  ok
[1539/1755] cpp-webview2                 medium  #11 content=444.88 ms  window=81.42  obs=54.1  ok
[1540/1755] cpp-webview2-default         medium  #11 content=455.37 ms  window=75.01  obs=50.2  ok
[1541/1755] litehtml-sciter-litehtml     medium  #11 content=103.29 ms  window=67.05  obs=55.91  ok
[1542/1755] litehtml-sciter-litehtml-gpu medium  #11 content=261.77 ms  window=257.89  obs=46.89  ok
[1543/1755] litehtml-sciter-sciter       medium  #11 content=314.1 ms  window=303.91  obs=296.77  ok
[1544/1755] blitz                        medium  #11 content=108.57 ms  window=104.66  obs=71.31  ok
[1545/1755] blitz-full                   medium  #11 content=115.35 ms  window=109.46  obs=71.04  ok
[1546/1755] blitz-gpu                    medium  #11 content=739.03 ms  window=729.99  obs=94.01  ok
[1547/1755] rust-gpu-egui-softfirst      medium  #11 content=74.99 ms  window=68.15  obs=67.35  ok
[1548/1755] rust-gpu-egui-softfirst-noime medium  #11 content=75.71 ms  window=69.19  obs=68.34  ok
[1549/1755] rust-gpu-egui-wgpu           medium  #11 content=323.45 ms  window=107.85  obs=75.12  ok
[1550/1755] rust-gpu-iced-tinyskia       medium  #11 content=124.7 ms  window=122.37  obs=85.15  ok
[1551/1755] rust-webview                 medium  #11 content=473.22 ms  window=87.11  obs=59.0  ok
[1552/1755] rust-webview-tao             medium  #11 content=475.31 ms  window=198.97  obs=74.84  ok
[1553/1755] rust-webview-tauri           medium  #11 content=650.99 ms  window=537.63  obs=73.13  ok
[1554/1755] qt                           medium  #11 content=153.99 ms  window=146.68  obs=111.28  ok
[1555/1755] qt-dll                       medium  #11 content=155.4 ms  window=150.33  obs=115.08  ok
[1556/1755] qt-full                      medium  #11 content=147.94 ms  window=139.51  obs=104.68  ok
[1557/1755] avalonia                     medium  #11 content=130.75 ms  window=117.03  obs=97.33  ok
[1558/1755] avalonia-exe                 medium  #11 content=157.4 ms  window=143.73  obs=122.48  ok
[1559/1755] avalonia-gpu                 medium  #11 content=331.33 ms  window=285.99  obs=265.08  ok
[1560/1755] avalonia-stock               medium  #11 content=570.22 ms  window=494.34  obs=473.3  ok
[1561/1755] winui3                       medium  #11 content=321.81 ms  window=124.76  obs=121.28  ok
[1562/1755] winui3-webview2              medium  #11 content=496.42 ms  window=127.62  obs=123.06  ok
[1563/1755] winui3-r2r                   medium  #11 content=383.27 ms  window=200.04  obs=195.79  ok
[1564/1755] winui3-fluent                medium  #11 content=429.73 ms  window=322.14  obs=315.81  ok
[1565/1755] wpf                          medium  #11 content=295.76 ms  window=284.71  obs=230.51  ok
[1566/1755] wpf-hw                       medium  #11 content=283.03 ms  window=273.5  obs=230.52  ok
[1567/1755] wpf-apphost                  medium  #11 content=329.7 ms  window=318.09  obs=265.96  ok
[1568/1755] wpf-plain                    medium  #11 content=484.79 ms  window=465.44  obs=405.3  ok
[1569/1755] electron                     medium  #11 content=752.48 ms  window=633.42  obs=607.38  ok
[1570/1755] electron-gpu                 medium  #11 content=802.45 ms  window=620.55  obs=595.49  ok
[1571/1755] electron-default             medium  #11 content=924.15 ms  window=751.88  obs=727.83  ok
[1572/1755] ext-vscode                   medium  #11 content=1140.32 ms  window=None  obs=1140.32  ok
[1573/1755] ext-void                     medium  #11 content=1461.75 ms  window=None  obs=1461.75  ok
[1574/1755] ext-cursor                   medium  #11 content=2476.97 ms  window=None  obs=2476.97  ok
[1575/1755] ext-notepad                  medium  #11 content=473.69 ms  window=None  obs=473.69  ok
[1576/1755] baseline-win32               large   #11 content=73.2 ms  window=69.91  obs=45.27  ok
[1577/1755] cpp-d2d                      large   #11 content=63.22 ms  window=52.94  obs=44.88  ok
[1578/1755] cpp-d2d-warp                 large   #11 content=96.75 ms  window=58.47  obs=48.98  ok
[1579/1755] cpp-d2d-gpu                  large   #11 content=266.02 ms  window=54.67  obs=45.74  ok
[1580/1755] cpp-richedit-wl-mt           large   #11 content=72.91 ms  window=58.22  obs=43.27  ok
[1581/1755] cpp-richedit                 large   #11 content=86.61 ms  window=82.18  obs=66.23  ok
[1582/1755] cpp-richedit-d2d             large   #11 content=99.64 ms  window=88.78  obs=60.02  ok
[1583/1755] cpp-richedit-full            large   #11 content=1012.55 ms  window=1008.08  obs=985.57  ok
[1584/1755] cpp-webview2                 large   #11 content=458.0 ms  window=81.59  obs=55.12  ok
[1585/1755] cpp-webview2-default         large   #11 content=2126.19 ms  window=80.37  obs=51.86  ok
[1586/1755] litehtml-sciter-litehtml     large   #11 content=99.1 ms  window=62.51  obs=53.59  ok
[1587/1755] litehtml-sciter-litehtml-gpu large   #11 content=260.72 ms  window=56.22  obs=48.12  ok
[1588/1755] litehtml-sciter-sciter       large   #11 content=320.48 ms  window=305.91  obs=298.14  ok
[1589/1755] blitz                        large   #11 content=118.31 ms  window=113.09  obs=75.33  ok
[1590/1755] blitz-full                   large   #11 content=2477.41 ms  window=2472.61  obs=71.87  ok
[1591/1755] blitz-gpu                    large   #11 content=752.64 ms  window=746.61  obs=97.1  ok
[1592/1755] rust-gpu-egui-softfirst      large   #11 content=80.49 ms  window=73.16  obs=72.75  ok
[1593/1755] rust-gpu-egui-softfirst-noime large   #11 content=76.44 ms  window=68.49  obs=67.68  ok
[1594/1755] rust-gpu-egui-wgpu           large   #11 content=312.38 ms  window=96.37  obs=72.66  ok
[1595/1755] rust-gpu-iced-tinyskia       large   #11 content=183.89 ms  window=176.56  obs=89.78  ok
[1596/1755] rust-webview                 large   #11 content=474.26 ms  window=87.82  obs=62.45  ok
[1597/1755] rust-webview-tao             large   #11 content=483.23 ms  window=223.53  obs=73.04  ok
[1598/1755] rust-webview-tauri           large   #11 content=676.21 ms  window=512.09  obs=67.17  ok
[1599/1755] qt                           large   #11 content=187.99 ms  window=179.99  obs=149.77  ok
[1600/1755] qt-dll                       large   #11 content=155.16 ms  window=146.32  obs=115.44  ok
[1601/1755] qt-full                      large   #11 content=718.53 ms  window=706.38  obs=674.28  ok
[1602/1755] avalonia                     large   #11 content=145.21 ms  window=119.81  obs=99.12  ok
[1603/1755] avalonia-exe                 large   #11 content=162.91 ms  window=141.01  obs=119.49  ok
[1604/1755] avalonia-gpu                 large   #11 content=314.48 ms  window=272.31  obs=252.64  ok
[1605/1755] avalonia-stock               large   #11 content=583.24 ms  window=501.27  obs=477.74  ok
[1606/1755] winui3                       large   #11 content=329.93 ms  window=122.82  obs=118.95  ok
[1607/1755] winui3-webview2              large   #11 content=485.54 ms  window=126.47  obs=122.17  ok
[1608/1755] winui3-r2r                   large   #11 content=378.47 ms  window=206.02  obs=202.68  ok
[1609/1755] winui3-fluent                large   #11 content=455.51 ms  window=342.03  obs=336.04  ok
[1610/1755] wpf                          large   #11 content=313.38 ms  window=303.8  obs=238.55  ok
[1611/1755] wpf-hw                       large   #11 content=315.71 ms  window=308.39  obs=249.85  ok
[1612/1755] wpf-apphost                  large   #11 content=326.13 ms  window=319.4  obs=274.71  ok
[1613/1755] wpf-plain                    large   #11 content=495.81 ms  window=484.17  obs=401.7  ok
[1614/1755] electron                     large   #11 content=747.44 ms  window=630.11  obs=600.94  ok
[1615/1755] electron-gpu                 large   #11 content=809.31 ms  window=634.15  obs=602.98  ok
[1616/1755] electron-default             large   #11 content=1391.09 ms  window=1152.71  obs=1123.77  ok
[1617/1755] ext-vscode                   large   #11 content=1180.99 ms  window=None  obs=1180.99  ok
[1618/1755] ext-void                     large   #11 content=1434.77 ms  window=None  obs=1434.77  ok
[1619/1755] ext-cursor                   large   #11 content=2377.66 ms  window=None  obs=2377.66  ok
[1620/1755] ext-notepad                  large   #11 content=728.45 ms  window=None  obs=728.45  ok
[1621/1755] baseline-win32               small   #12 content=71.58 ms  window=67.52  obs=44.5  ok
[1622/1755] cpp-d2d                      small   #12 content=56.12 ms  window=47.96  obs=42.56  ok
[1623/1755] cpp-d2d-warp                 small   #12 content=73.62 ms  window=49.91  obs=42.22  ok
[1624/1755] cpp-d2d-gpu                  small   #12 content=236.61 ms  window=48.13  obs=40.62  ok
[1625/1755] cpp-richedit-wl-mt           small   #12 content=69.61 ms  window=58.19  obs=43.62  ok
[1626/1755] cpp-richedit                 small   #12 content=80.07 ms  window=77.03  obs=61.85  ok
[1627/1755] cpp-richedit-d2d             small   #12 content=78.77 ms  window=68.66  obs=41.36  ok
[1628/1755] cpp-richedit-full            small   #12 content=84.74 ms  window=79.73  obs=61.46  ok
[1629/1755] cpp-webview2                 small   #12 content=420.29 ms  window=85.38  obs=55.14  ok
[1630/1755] cpp-webview2-default         small   #12 content=436.5 ms  window=80.75  obs=50.41  ok
[1631/1755] litehtml-sciter-litehtml     small   #12 content=92.67 ms  window=66.45  obs=56.36  ok
[1632/1755] litehtml-sciter-litehtml-gpu small   #12 content=240.04 ms  window=237.2  obs=50.77  ok
[1633/1755] litehtml-sciter-sciter       small   #12 content=320.86 ms  window=301.81  obs=295.04  ok
[1634/1755] blitz                        small   #12 content=107.7 ms  window=102.9  obs=70.67  ok
[1635/1755] blitz-full                   small   #12 content=104.12 ms  window=99.62  obs=69.35  ok
[1636/1755] blitz-gpu                    small   #12 content=727.48 ms  window=720.37  obs=92.45  ok
[1637/1755] rust-gpu-egui-softfirst      small   #12 content=77.6 ms  window=70.14  obs=69.2  ok
[1638/1755] rust-gpu-egui-softfirst-noime small   #12 content=75.35 ms  window=67.35  obs=66.3  ok
[1639/1755] rust-gpu-egui-wgpu           small   #12 content=322.78 ms  window=105.01  obs=76.09  ok
[1640/1755] rust-gpu-iced-tinyskia       small   #12 content=122.38 ms  window=114.42  obs=84.17  ok
[1641/1755] rust-webview                 small   #12 content=456.03 ms  window=83.56  obs=58.32  ok
[1642/1755] rust-webview-tao             small   #12 content=483.41 ms  window=224.27  obs=72.96  ok
[1643/1755] rust-webview-tauri           small   #12 content=619.66 ms  window=535.27  obs=66.56  ok
[1644/1755] qt                           small   #12 content=137.57 ms  window=128.97  obs=104.19  ok
[1645/1755] qt-dll                       small   #12 content=2213.72 ms  window=2204.6  obs=2177.88  ok
[1646/1755] qt-full                      small   #12 content=156.07 ms  window=147.41  obs=122.29  ok
[1647/1755] avalonia                     small   #12 content=135.88 ms  window=113.19  obs=87.45  ok
[1648/1755] avalonia-exe                 small   #12 content=149.03 ms  window=127.33  obs=104.47  ok
[1649/1755] avalonia-gpu                 small   #12 content=335.67 ms  window=276.74  obs=254.86  ok
[1650/1755] avalonia-stock               small   #12 content=581.86 ms  window=500.1  obs=477.91  ok
[1651/1755] winui3                       small   #12 content=303.97 ms  window=118.65  obs=115.24  ok
[1652/1755] winui3-webview2              small   #12 content=472.63 ms  window=126.11  obs=121.99  ok
[1653/1755] winui3-r2r                   small   #12 content=356.51 ms  window=209.15  obs=205.78  ok
[1654/1755] winui3-fluent                small   #12 content=420.17 ms  window=332.33  obs=326.23  ok
[1655/1755] wpf                          small   #12 content=300.51 ms  window=291.81  obs=243.08  ok
[1656/1755] wpf-hw                       small   #12 content=290.34 ms  window=280.19  obs=228.66  ok
[1657/1755] wpf-apphost                  small   #12 content=345.91 ms  window=337.7  obs=276.5  ok
[1658/1755] wpf-plain                    small   #12 content=483.9 ms  window=473.25  obs=400.56  ok
[1659/1755] electron                     small   #12 content=729.29 ms  window=625.63  obs=601.86  ok
[1660/1755] electron-gpu                 small   #12 content=810.94 ms  window=633.03  obs=607.23  ok
[1661/1755] electron-default             small   #12 content=864.6 ms  window=738.43  obs=716.6  ok
[1662/1755] ext-vscode                   small   #12 content=1196.92 ms  window=None  obs=1196.92  ok
[1663/1755] ext-void                     small   #12 content=1444.25 ms  window=None  obs=1444.25  ok
[1664/1755] ext-cursor                   small   #12 content=2356.12 ms  window=None  obs=2356.12  ok
[1665/1755] ext-notepad                  small   #12 content=456.73 ms  window=None  obs=456.73  ok
[1666/1755] baseline-win32               medium  #12 content=76.15 ms  window=69.4  obs=44.1  ok
[1667/1755] cpp-d2d                      medium  #12 content=61.09 ms  window=51.94  obs=45.92  ok
[1668/1755] cpp-d2d-warp                 medium  #12 content=87.17 ms  window=49.51  obs=41.85  ok
[1669/1755] cpp-d2d-gpu                  medium  #12 content=260.14 ms  window=51.09  obs=43.09  ok
[1670/1755] cpp-richedit-wl-mt           medium  #12 content=66.71 ms  window=54.6  obs=42.2  ok
[1671/1755] cpp-richedit                 medium  #12 content=84.03 ms  window=80.31  obs=64.84  ok
[1672/1755] cpp-richedit-d2d             medium  #12 content=79.94 ms  window=69.99  obs=41.3  ok
[1673/1755] cpp-richedit-full            medium  #12 content=102.45 ms  window=97.48  obs=77.62  ok
[1674/1755] cpp-webview2                 medium  #12 content=455.26 ms  window=80.34  obs=54.46  ok
[1675/1755] cpp-webview2-default         medium  #12 content=459.78 ms  window=81.06  obs=55.17  ok
[1676/1755] litehtml-sciter-litehtml     medium  #12 content=97.32 ms  window=63.31  obs=55.07  ok
[1677/1755] litehtml-sciter-litehtml-gpu medium  #12 content=272.88 ms  window=265.45  obs=65.8  ok
[1678/1755] litehtml-sciter-sciter       medium  #12 content=320.39 ms  window=309.09  obs=302.45  ok
[1679/1755] blitz                        medium  #12 content=108.77 ms  window=106.57  obs=72.27  ok
[1680/1755] blitz-full                   medium  #12 content=114.23 ms  window=109.3  obs=72.53  ok
[1681/1755] blitz-gpu                    medium  #12 content=729.65 ms  window=720.58  obs=93.7  ok
[1682/1755] rust-gpu-egui-softfirst      medium  #12 content=74.54 ms  window=68.05  obs=67.17  ok
[1683/1755] rust-gpu-egui-softfirst-noime medium  #12 content=75.36 ms  window=67.27  obs=66.31  ok
[1684/1755] rust-gpu-egui-wgpu           medium  #12 content=317.88 ms  window=96.98  obs=71.55  ok
[1685/1755] rust-gpu-iced-tinyskia       medium  #12 content=129.68 ms  window=126.25  obs=86.49  ok
[1686/1755] rust-webview                 medium  #12 content=462.11 ms  window=88.08  obs=58.74  ok
[1687/1755] rust-webview-tao             medium  #12 content=466.29 ms  window=184.06  obs=65.01  ok
[1688/1755] rust-webview-tauri           medium  #12 content=608.93 ms  window=482.23  obs=67.51  ok
[1689/1755] qt                           medium  #12 content=161.95 ms  window=151.78  obs=119.74  ok
[1690/1755] qt-dll                       medium  #12 content=152.51 ms  window=145.31  obs=111.94  ok
[1691/1755] qt-full                      medium  #12 content=154.62 ms  window=146.89  obs=109.72  ok
[1692/1755] avalonia                     medium  #12 content=149.73 ms  window=124.29  obs=100.12  ok
[1693/1755] avalonia-exe                 medium  #12 content=155.41 ms  window=139.66  obs=118.29  ok
[1694/1755] avalonia-gpu                 medium  #12 content=344.68 ms  window=287.32  obs=267.57  ok
[1695/1755] avalonia-stock               medium  #12 content=582.72 ms  window=509.73  obs=488.13  ok
[1696/1755] winui3                       medium  #12 content=327.74 ms  window=121.94  obs=117.54  ok
[1697/1755] winui3-webview2              medium  #12 content=497.12 ms  window=131.85  obs=127.09  ok
[1698/1755] winui3-r2r                   medium  #12 content=376.18 ms  window=201.61  obs=197.81  ok
[1699/1755] winui3-fluent                medium  #12 content=436.63 ms  window=326.31  obs=321.18  ok
[1700/1755] wpf                          medium  #12 content=285.6 ms  window=279.52  obs=230.9  ok
[1701/1755] wpf-hw                       medium  #12 content=291.16 ms  window=284.26  obs=241.94  ok
[1702/1755] wpf-apphost                  medium  #12 content=320.2 ms  window=313.43  obs=271.5  ok
[1703/1755] wpf-plain                    medium  #12 content=478.27 ms  window=469.37  obs=399.6  ok
[1704/1755] electron                     medium  #12 content=753.32 ms  window=630.36  obs=607.39  ok
[1705/1755] electron-gpu                 medium  #12 content=812.41 ms  window=620.6  obs=596.69  ok
[1706/1755] electron-default             medium  #12 content=937.03 ms  window=760.68  obs=731.57  ok
[1707/1755] ext-vscode                   medium  #12 content=1136.51 ms  window=None  obs=1136.51  ok
[1708/1755] ext-void                     medium  #12 content=1425.38 ms  window=None  obs=1425.38  ok
[1709/1755] ext-cursor                   medium  #12 content=2321.27 ms  window=None  obs=2321.27  ok
[1710/1755] ext-notepad                  medium  #12 content=484.9 ms  window=None  obs=484.9  ok
[1711/1755] baseline-win32               large   #12 content=78.95 ms  window=73.49  obs=42.48  ok
[1712/1755] cpp-d2d                      large   #12 content=61.48 ms  window=51.35  obs=44.14  ok
[1713/1755] cpp-d2d-warp                 large   #12 content=90.32 ms  window=50.6  obs=42.21  ok
[1714/1755] cpp-d2d-gpu                  large   #12 content=249.46 ms  window=50.57  obs=42.27  ok
[1715/1755] cpp-richedit-wl-mt           large   #12 content=71.89 ms  window=56.56  obs=44.06  ok
[1716/1755] cpp-richedit                 large   #12 content=86.84 ms  window=81.15  obs=66.96  ok
[1717/1755] cpp-richedit-d2d             large   #12 content=79.66 ms  window=68.84  obs=40.18  ok
[1718/1755] cpp-richedit-full            large   #12 content=1001.22 ms  window=993.69  obs=973.77  ok
[1719/1755] cpp-webview2                 large   #12 content=462.35 ms  window=77.88  obs=52.56  ok
[1720/1755] cpp-webview2-default         large   #12 content=2132.39 ms  window=76.33  obs=51.07  ok
[1721/1755] litehtml-sciter-litehtml     large   #12 content=97.38 ms  window=61.92  obs=53.1  ok
[1722/1755] litehtml-sciter-litehtml-gpu large   #12 content=254.21 ms  window=54.77  obs=46.66  ok
[1723/1755] litehtml-sciter-sciter       large   #12 content=325.39 ms  window=312.4  obs=305.49  ok
[1724/1755] blitz                        large   #12 content=116.17 ms  window=111.67  obs=77.56  ok
[1725/1755] blitz-full                   large   #12 content=2470.57 ms  window=2465.41  obs=68.79  ok
[1726/1755] blitz-gpu                    large   #12 content=732.88 ms  window=729.66  obs=91.76  ok
[1727/1755] rust-gpu-egui-softfirst      large   #12 content=83.86 ms  window=74.46  obs=73.72  ok
[1728/1755] rust-gpu-egui-softfirst-noime large   #12 content=75.85 ms  window=70.6  obs=69.78  ok
[1729/1755] rust-gpu-egui-wgpu           large   #12 content=323.86 ms  window=100.14  obs=73.08  ok
[1730/1755] rust-gpu-iced-tinyskia       large   #12 content=179.34 ms  window=173.26  obs=95.12  ok
[1731/1755] rust-webview                 large   #12 content=473.24 ms  window=90.25  obs=61.96  ok
[1732/1755] rust-webview-tao             large   #12 content=474.65 ms  window=217.4  obs=72.92  ok
[1733/1755] rust-webview-tauri           large   #12 content=664.62 ms  window=518.83  obs=76.28  ok
[1734/1755] qt                           large   #12 content=272.01 ms  window=262.4  obs=227.52  ok
[1735/1755] qt-dll                       large   #12 content=160.89 ms  window=152.61  obs=121.91  ok
[1736/1755] qt-full                      large   #12 content=724.97 ms  window=711.98  obs=678.93  ok
[1737/1755] avalonia                     large   #12 content=143.18 ms  window=127.25  obs=100.14  ok
[1738/1755] avalonia-exe                 large   #12 content=164.88 ms  window=143.43  obs=118.92  ok
[1739/1755] avalonia-gpu                 large   #12 content=356.05 ms  window=286.69  obs=263.21  ok
[1740/1755] avalonia-stock               large   #12 content=583.53 ms  window=505.32  obs=479.25  ok
[1741/1755] winui3                       large   #12 content=329.94 ms  window=125.4  obs=120.36  ok
[1742/1755] winui3-webview2              large   #12 content=496.32 ms  window=133.78  obs=129.12  ok
[1743/1755] winui3-r2r                   large   #12 content=388.73 ms  window=207.42  obs=203.41  ok
[1744/1755] winui3-fluent                large   #12 content=450.79 ms  window=339.28  obs=333.7  ok
[1745/1755] wpf                          large   #12 content=288.2 ms  window=277.34  obs=234.75  ok
[1746/1755] wpf-hw                       large   #12 content=291.01 ms  window=279.58  obs=238.72  ok
[1747/1755] wpf-apphost                  large   #12 content=345.46 ms  window=337.61  obs=271.71  ok
[1748/1755] wpf-plain                    large   #12 content=495.51 ms  window=487.79  obs=409.01  ok
[1749/1755] electron                     large   #12 content=740.94 ms  window=623.96  obs=598.83  ok
[1750/1755] electron-gpu                 large   #12 content=802.55 ms  window=625.8  obs=598.96  ok
[1751/1755] electron-default             large   #12 content=1379.29 ms  window=1145.32  obs=1121.74  ok
[1752/1755] ext-vscode                   large   #12 content=1152.49 ms  window=None  obs=1152.49  ok
[1753/1755] ext-void                     large   #12 content=1480.74 ms  window=None  obs=1480.74  ok
[1754/1755] ext-cursor                   large   #12 content=2338.12 ms  window=None  obs=2338.12  ok
[1755/1755] ext-notepad                  large   #12 content=706.65 ms  window=None  obs=706.65  ok

| variant | doc | n | fail | first | median | p90 | min | sd | win | obs | cpu | commitMB | wsMB | procs | distMB |
|---|---|---|---|---|---|---|---|---|---|---|---|---|---|---|---|
| cpp-d2d | large | 13 | 0 | 62.26 | 60.7 | 63.0 | 56.0 | 4.6 | 51.0 | 44.0 | 54.7 | 27.1 | 32.0 | 1.0 | 0.4 |
| cpp-richedit-wl-mt | large | 13 | 0 | 78.46 | 71.5 | 73.0 | 66.5 | 5.2 | 56.4 | 43.8 | 93.8 | 57.6 | 43.5 | 1.0 | 0.26 |
| rust-gpu-egui-softfirst-noime | large | 13 | 0 | 88.42 | 76.9 | 82.1 | 75.8 | 3.1 | 70.1 | 69.2 | 78.1 | 41.1 | 27.3 | 1.0 | 7.54 |
| baseline-win32 | large | 13 | 0 | 79.87 | 77.7 | 81.3 | 70.3 | 782.3 | 71.4 | 46.0 | 46.9 | 3.2 | 15.7 | 1.0 | 0.15 |
| rust-gpu-egui-softfirst | large | 13 | 0 | 89.19 | 82.7 | 83.9 | 80.5 | 1.2 | 73.7 | 73.2 | 78.1 | 41.1 | 27.4 | 1.0 | 7.54 |
| cpp-richedit-d2d | large | 13 | 0 | 90.13 | 86.1 | 90.0 | 79.2 | 5.6 | 73.0 | 41.6 | 109.4 | 112.4 | 54.7 | 1.0 | 0.26 |
| cpp-richedit | large | 13 | 0 | 91.59 | 86.2 | 87.1 | 84.5 | 5.4 | 79.6 | 64.3 | 93.8 | 57.5 | 43.5 | 1.0 | 0.25 |
| cpp-d2d-warp | large | 13 | 0 | 103.52 | 92.3 | 96.4 | 84.8 | 4.9 | 52.4 | 44.6 | 125.0 | 93.5 | 53.8 | 1.0 | 0.4 |
| litehtml-sciter-litehtml | large | 13 | 0 | 114.58 | 101.7 | 118.9 | 94.6 | 603.6 | 62.8 | 53.6 | 93.8 | 91.8 | 52.2 | 1.0 | 1.79 |
| blitz | large | 13 | 0 | 122.08 | 115.2 | 121.4 | 105.7 | 6.5 | 110.5 | 74.8 | 109.4 | 33.8 | 50.1 | 1.0 | 8.0 |
| avalonia | large | 13 | 0 | 161.34 | 143.0 | 148.3 | 140.1 | 2.9 | 122.8 | 100.3 | 203.1 | 145.4 | 168.8 | 1.0 | 31.26 |
| qt | large | 13 | 0 | 160.32 | 151.1 | 185.9 | 146.7 | 35.9 | 140.1 | 108.9 | 109.4 | 17.3 | 42.4 | 1.0 | 20.12 |
| qt-dll | large | 13 | 0 | 177.9 | 160.4 | 161.1 | 153.9 | 2.9 | 150.2 | 117.4 | 109.4 | 71.7 | 48.1 | 1.0 | 26.8 |
| avalonia-exe | large | 13 | 0 | 175.02 | 164.2 | 168.9 | 156.8 | 5.3 | 144.2 | 120.9 | 203.1 | 145.4 | 170.7 | 1.0 | 31.17 |
| rust-gpu-iced-tinyskia | large | 13 | 0 | 220.17 | 182.7 | 187.9 | 174.6 | 6.5 | 176.5 | 90.0 | 367.2 | 102.3 | 110.4 | 1.0 | 7.78 |
| cpp-d2d-gpu | large | 13 | 0 | 259.3 | 258.3 | 267.0 | 249.5 | 9.9 | 50.5 | 42.9 | 289.0 | 151.2 | 70.1 | 1.0 | 0.4 |
| litehtml-sciter-litehtml-gpu | large | 13 | 0 | 279.09 | 260.2 | 266.7 | 253.8 | 6.2 | 56.3 | 47.9 | 242.2 | 88.5 | 62.2 | 1.0 | 1.79 |
| wpf | large | 13 | 0 | 296.26 | 294.6 | 312.8 | 277.2 | 12.4 | 285.8 | 233.8 | 437.5 | 116.8 | 103.8 | 1.0 | 1.75 |
| wpf-hw | large | 13 | 0 | 313.09 | 311.2 | 316.4 | 289.5 | 597.7 | 300.6 | 238.4 | 515.6 | 142.7 | 118.0 | 1.0 | 1.75 |
| rust-gpu-egui-wgpu | large | 13 | 0 | 341.23 | 323.8 | 340.2 | 312.4 | 9.1 | 97.2 | 72.9 | 289.0 | 386.6 | 93.8 | 1.0 | 7.54 |
| litehtml-sciter-sciter | large | 13 | 0 | 348.84 | 326.1 | 338.8 | 315.3 | 9.3 | 311.5 | 304.8 | 257.8 | 140.8 | 64.7 | 1.0 | 18.75 |
| avalonia-gpu | large | 13 | 0 | 355.75 | 326.1 | 351.4 | 312.9 | 14.7 | 278.8 | 258.7 | 421.9 | 290.7 | 214.9 | 1.0 | 31.26 |
| winui3 | large | 13 | 0 | 339.82 | 330.2 | 343.4 | 323.8 | 7.2 | 126.2 | 121.8 | 414.0 | 175.2 | 110.2 | 1.0 | 58.08 |
| wpf-apphost | large | 13 | 0 | 411.63 | 332.9 | 345.1 | 324.8 | 8.4 | 325.4 | 272.5 | 421.9 | 63.3 | 104.3 | 1.0 | 1.75 |
| winui3-r2r | large | 13 | 0 | 406.04 | 388.1 | 399.9 | 378.5 | 9.8 | 207.7 | 203.8 | 500.0 | 181.8 | 141.4 | 1.0 | 100.77 |
| cpp-webview2 | large | 13 | 0 | 476.8 | 445.1 | 461.9 | 437.0 | 9.9 | 82.3 | 54.9 | 812.5 | 156.8 | 28.2 | 5.0 | 0.52 |
| winui3-fluent | large | 13 | 0 | 478.46 | 449.4 | 471.5 | 437.0 | 13.2 | 333.2 | 327.5 | 429.7 | 184.7 | 122.7 | 1.0 | 59.37 |
| rust-webview | large | 13 | 0 | 507.58 | 473.8 | 485.4 | 454.2 | 10.7 | 87.4 | 59.8 | 1578.1 | 198.3 | 34.0 | 7.0 | 2.46 |
| rust-webview-tao | large | 13 | 0 | 513.35 | 483.3 | 506.5 | 470.4 | 595.2 | 206.6 | 70.5 | 1671.8 | 223.4 | 34.8 | 7.0 | 2.46 |
| wpf-plain | large | 13 | 0 | 470.41 | 490.7 | 502.1 | 478.4 | 10.2 | 479.7 | 404.5 | 546.9 | 91.0 | 124.6 | 1.0 | 0.67 |
| winui3-webview2 | large | 13 | 0 | 517.59 | 494.8 | 508.2 | 478.3 | 9.7 | 129.5 | 125.7 | 1101.6 | 291.8 | 107.3 | 5.0 | 58.08 |
| avalonia-stock | large | 13 | 0 | 592.15 | 574.0 | 583.5 | 556.8 | 9.4 | 506.2 | 485.1 | 726.6 | 291.6 | 241.4 | 1.0 | 37.47 |
| rust-webview-tauri | large | 13 | 0 | 732.59 | 668.2 | 676.1 | 632.4 | 14.5 | 528.4 | 67.3 | 1687.5 | 277.8 | 37.2 | 7.0 | 5.64 |
| ext-notepad | large | 13 | 0 | 2010.95 | 714.0 | 729.6 | 692.8 | 17.0 |  | 714.0 | 859.4 | 119.8 |  | 2.0 |  |
| qt-full | large | 13 | 0 | 738.27 | 720.7 | 724.9 | 711.8 | 17.9 | 706.3 | 672.9 | 671.9 | 70.1 | 84.2 | 1.0 | 20.12 |
| electron | large | 13 | 0 | 736.12 | 744.3 | 764.4 | 734.1 | 11.3 | 624.2 | 599.9 | 531.2 | 93.7 | 104.4 | 3.0 | 323.54 |
| blitz-gpu | large | 13 | 0 | 774.64 | 749.3 | 756.7 | 732.2 | 8.7 | 742.1 | 96.8 | 687.5 | 240.4 | 117.8 | 1.0 | 10.51 |
| electron-gpu | large | 13 | 0 | 834.46 | 808.6 | 814.3 | 796.3 | 6.9 | 628.1 | 600.1 | 711.0 | 175.3 | 99.4 | 4.0 | 323.54 |
| cpp-richedit-full | large | 13 | 0 | 1012.31 | 998.0 | 1007.8 | 987.1 | 7.9 | 991.2 | 971.8 | 976.6 | 84.8 | 81.1 | 1.0 | 0.25 |
| ext-vscode | large | 13 | 0 | 1158.24 | 1149.1 | 1204.1 | 1098.9 | 34.2 |  | 1149.1 | 1484.4 | 333.3 |  | 5.0 | 1264.29 |
| electron-default | large | 13 | 0 | 1382.34 | 1390.9 | 1402.1 | 1379.0 | 9.1 | 1152.0 | 1126.9 | 1679.7 | 424.7 | 291.8 | 4.0 | 367.59 |
| ext-void | large | 13 | 0 | 1452.87 | 1440.7 | 1493.8 | 1404.7 | 30.0 |  | 1440.7 | 1812.5 | 352.1 |  | 4.0 | 448.54 |
| cpp-webview2-default | large | 13 | 0 | 2260.11 | 2105.0 | 2126.4 | 1769.4 | 117.5 | 77.2 | 51.3 | 3570.3 | 903.7 | 35.7 | 7.0 | 0.52 |
| ext-cursor | large | 13 | 0 | 2380.44 | 2362.2 | 2388.1 | 2310.8 | 29.8 |  | 2362.2 | 3125.0 | 639.2 |  | 8.0 | 782.08 |
| blitz-full | large | 13 | 0 | 2597.28 | 2477.5 | 2501.7 | 2464.9 | 24.9 | 2474.6 | 71.5 | 3289.1 | 808.6 | 776.2 | 1.0 | 8.0 |
| cpp-d2d | medium | 13 | 0 | 80.49 | 59.1 | 61.1 | 55.4 | 2.6 | 49.3 | 43.2 | 31.2 | 7.0 | 17.5 | 1.0 | 0.4 |
| cpp-richedit-wl-mt | medium | 13 | 0 | 79.45 | 69.4 | 72.5 | 65.3 | 2.9 | 55.8 | 42.6 | 46.9 | 4.5 | 16.1 | 1.0 | 0.26 |
| rust-gpu-egui-softfirst-noime | medium | 13 | 0 | 88.61 | 76.4 | 82.0 | 69.7 | 4.7 | 68.2 | 67.4 | 46.9 | 10.1 | 22.7 | 1.0 | 7.54 |
| rust-gpu-egui-softfirst | medium | 13 | 0 | 82.33 | 77.3 | 94.5 | 74.5 | 7.7 | 70.1 | 69.2 | 62.5 | 10.1 | 22.9 | 1.0 | 7.54 |
| baseline-win32 | medium | 13 | 0 | 80.99 | 78.4 | 92.5 | 70.3 | 618.9 | 72.3 | 46.6 | 31.2 | 3.2 | 15.7 | 1.0 | 0.15 |
| cpp-richedit-d2d | medium | 13 | 0 | 86.18 | 82.8 | 92.7 | 78.9 | 5.5 | 69.9 | 41.3 | 46.9 | 61.2 | 27.4 | 1.0 | 0.26 |
| cpp-richedit | medium | 13 | 0 | 94.59 | 84.5 | 85.6 | 79.6 | 2.5 | 78.3 | 63.5 | 62.5 | 4.3 | 16.2 | 1.0 | 0.25 |
| cpp-d2d-warp | medium | 13 | 0 | 96.77 | 90.8 | 93.2 | 83.9 | 6.6 | 49.8 | 42.0 | 93.8 | 75.8 | 39.1 | 1.0 | 0.4 |
| cpp-richedit-full | medium | 13 | 0 | 108.83 | 103.2 | 104.3 | 96.4 | 2.3 | 97.4 | 79.1 | 62.5 | 5.1 | 19.3 | 1.0 | 0.25 |
| litehtml-sciter-litehtml | medium | 13 | 0 | 2277.63 | 103.3 | 104.0 | 97.1 | 5.3 | 65.5 | 55.6 | 101.6 | 87.0 | 47.8 | 1.0 | 1.79 |
| blitz | medium | 13 | 0 | 132.24 | 112.1 | 120.3 | 106.9 | 6.2 | 108.4 | 72.2 | 101.6 | 27.7 | 44.8 | 1.0 | 8.0 |
| blitz-full | medium | 13 | 0 | 126.12 | 112.3 | 115.6 | 107.7 | 3.4 | 106.4 | 70.2 | 125.0 | 27.6 | 45.2 | 1.0 | 8.0 |
| rust-gpu-iced-tinyskia | medium | 13 | 0 | 151.9 | 129.4 | 132.6 | 122.2 | 4.2 | 123.4 | 85.2 | 242.2 | 64.5 | 79.4 | 1.0 | 7.78 |
| avalonia | medium | 13 | 0 | 153.22 | 142.7 | 149.7 | 130.8 | 9.1 | 123.5 | 101.8 | 109.4 | 42.3 | 68.1 | 1.0 | 31.26 |
| qt | medium | 13 | 0 | 156.06 | 149.2 | 161.3 | 142.8 | 9.2 | 141.8 | 110.0 | 109.4 | 13.9 | 38.9 | 1.0 | 20.12 |
| qt-dll | medium | 13 | 0 | 161.74 | 154.4 | 159.1 | 147.6 | 3.4 | 148.2 | 114.2 | 109.4 | 68.5 | 44.7 | 1.0 | 26.8 |
| qt-full | medium | 13 | 0 | 160.89 | 155.3 | 160.0 | 147.9 | 7.6 | 144.8 | 109.7 | 125.0 | 15.0 | 40.0 | 1.0 | 20.12 |
| avalonia-exe | medium | 13 | 0 | 160.94 | 162.7 | 168.0 | 155.4 | 6.5 | 143.8 | 121.7 | 101.6 | 42.4 | 68.1 | 1.0 | 31.17 |
| litehtml-sciter-litehtml-gpu | medium | 13 | 0 | 284.88 | 259.0 | 278.7 | 250.4 | 15.3 | 254.5 | 49.2 | 226.6 | 84.8 | 58.3 | 1.0 | 1.79 |
| cpp-d2d-gpu | medium | 13 | 0 | 279.23 | 260.7 | 272.8 | 248.2 | 8.7 | 49.8 | 42.4 | 250.0 | 133.9 | 55.7 | 1.0 | 0.4 |
| wpf | medium | 13 | 0 | 297.43 | 286.9 | 295.7 | 282.9 | 5.6 | 278.3 | 230.7 | 429.7 | 109.8 | 96.2 | 1.0 | 1.75 |
| wpf-hw | medium | 13 | 0 | 308.46 | 291.5 | 313.6 | 283.0 | 12.6 | 282.2 | 231.8 | 484.4 | 135.6 | 110.2 | 1.0 | 1.75 |
| litehtml-sciter-sciter | medium | 13 | 0 | 374.09 | 319.9 | 326.1 | 308.1 | 8.0 | 305.3 | 298.2 | 234.4 | 137.4 | 61.2 | 1.0 | 18.75 |
| winui3 | medium | 13 | 0 | 329.91 | 323.7 | 329.2 | 316.0 | 5.3 | 122.0 | 117.6 | 375.0 | 163.6 | 99.0 | 1.0 | 58.08 |
| rust-gpu-egui-wgpu | medium | 13 | 0 | 329.04 | 324.2 | 332.3 | 316.3 | 610.4 | 96.6 | 71.3 | 273.4 | 382.1 | 89.1 | 1.0 | 7.54 |
| wpf-apphost | medium | 13 | 0 | 352.26 | 332.8 | 344.9 | 319.8 | 8.7 | 322.5 | 272.1 | 406.2 | 56.2 | 96.5 | 1.0 | 1.75 |
| avalonia-gpu | medium | 13 | 0 | 357.93 | 344.3 | 356.1 | 331.3 | 9.1 | 288.3 | 267.0 | 312.5 | 189.9 | 113.0 | 1.0 | 31.26 |
| winui3-r2r | medium | 13 | 0 | 392.78 | 383.6 | 400.1 | 374.5 | 10.6 | 206.1 | 202.1 | 460.9 | 170.0 | 129.6 | 1.0 | 100.77 |
| cpp-webview2 | medium | 13 | 0 | 455.46 | 447.0 | 454.8 | 432.4 | 7.3 | 81.6 | 55.5 | 789.0 | 150.6 | 21.7 | 5.0 | 0.52 |
| winui3-fluent | medium | 13 | 0 | 471.52 | 448.8 | 476.6 | 429.7 | 605.0 | 330.3 | 324.0 | 429.7 | 172.1 | 110.9 | 1.0 | 59.37 |
| cpp-webview2-default | medium | 13 | 0 | 498.28 | 465.3 | 473.8 | 450.8 | 8.7 | 81.3 | 53.0 | 1195.3 | 181.7 | 21.7 | 7.0 | 0.52 |
| rust-webview | medium | 13 | 0 | 503.38 | 473.1 | 484.4 | 456.6 | 12.9 | 87.9 | 59.8 | 1234.3 | 183.9 | 27.3 | 7.0 | 2.46 |
| rust-webview-tao | medium | 13 | 0 | 495.39 | 473.2 | 506.0 | 463.9 | 18.2 | 199.7 | 71.5 | 1265.6 | 182.5 | 28.0 | 7.0 | 2.46 |
| ext-notepad | medium | 13 | 0 | 485.05 | 473.4 | 497.0 | 463.6 | 13.5 |  | 473.4 | 609.4 | 92.2 |  | 2.0 |  |
| wpf-plain | medium | 13 | 0 | 524.78 | 487.1 | 509.9 | 476.1 | 13.7 | 476.5 | 401.7 | 562.5 | 81.2 | 113.8 | 1.0 | 0.67 |
| winui3-webview2 | medium | 13 | 0 | 550.94 | 497.1 | 519.9 | 484.1 | 13.2 | 131.2 | 126.8 | 1070.3 | 280.1 | 96.8 | 5.0 | 58.08 |
| avalonia-stock | medium | 13 | 0 | 581.04 | 569.8 | 587.7 | 550.9 | 14.2 | 497.5 | 476.6 | 578.1 | 186.4 | 140.5 | 1.0 | 37.47 |
| rust-webview-tauri | medium | 13 | 0 | 669.35 | 629.6 | 663.7 | 602.6 | 22.0 | 511.8 | 69.7 | 1367.2 | 200.4 | 29.8 | 7.0 | 5.64 |
| blitz-gpu | medium | 13 | 0 | 752.1 | 734.7 | 750.3 | 717.2 | 10.7 | 727.9 | 94.7 | 656.2 | 236.1 | 112.7 | 1.0 | 10.51 |
| electron | medium | 13 | 0 | 769.67 | 752.7 | 757.4 | 734.9 | 8.3 | 627.6 | 602.1 | 523.4 | 93.8 | 106.3 | 3.0 | 323.54 |
| electron-gpu | medium | 13 | 0 | 830.1 | 808.0 | 823.2 | 795.5 | 10.0 | 622.1 | 596.9 | 687.5 | 174.4 | 98.8 | 4.0 | 323.54 |
| electron-default | medium | 13 | 0 | 954.7 | 902.6 | 932.4 | 895.1 | 15.2 | 750.4 | 725.9 | 945.3 | 205.9 | 120.5 | 4.0 | 367.59 |
| ext-vscode | medium | 13 | 0 | 1171.52 | 1138.4 | 1183.2 | 1116.8 | 26.2 |  | 1138.4 | 1593.8 | 332.2 |  | 5.0 | 1264.29 |
| ext-void | medium | 13 | 0 | 1498.92 | 1444.2 | 1471.9 | 1365.6 | 33.5 |  | 1444.2 | 1726.5 | 350.8 |  | 4.0 | 448.54 |
| ext-cursor | medium | 13 | 0 | 2505.74 | 2351.2 | 2409.2 | 2301.4 | 51.1 |  | 2351.2 | 3070.4 | 638.8 |  | 8.0 | 782.08 |
| cpp-d2d | small | 13 | 0 | 67.35 | 59.9 | 61.3 | 56.1 | 4.8 | 49.3 | 43.4 | 31.2 | 7.0 | 17.2 | 1.0 | 0.4 |
| cpp-richedit-wl-mt | small | 13 | 0 | 72.49 | 70.0 | 72.0 | 64.8 | 6.3 | 58.3 | 43.2 | 46.9 | 3.7 | 15.0 | 1.0 | 0.26 |
| cpp-d2d-warp | small | 13 | 0 | 78.16 | 75.1 | 79.7 | 67.4 | 3.5 | 49.4 | 42.2 | 70.3 | 72.2 | 34.5 | 1.0 | 0.4 |
| rust-gpu-egui-softfirst-noime | small | 13 | 0 | 76.09 | 76.4 | 77.8 | 74.5 | 2.1 | 66.9 | 66.2 | 46.9 | 9.9 | 22.6 | 1.0 | 7.54 |
| baseline-win32 | small | 13 | 0 | 79.65 | 76.6 | 104.4 | 71.6 | 780.7 | 70.2 | 43.8 | 31.2 | 3.2 | 15.7 | 1.0 | 0.15 |
| rust-gpu-egui-softfirst | small | 13 | 0 | 85.26 | 77.9 | 82.7 | 75.1 | 2.6 | 70.4 | 69.6 | 62.5 | 9.9 | 22.7 | 1.0 | 7.54 |
| cpp-richedit-d2d | small | 13 | 0 | 87.29 | 79.2 | 91.4 | 77.5 | 6.9 | 68.8 | 42.5 | 62.5 | 60.3 | 26.4 | 1.0 | 0.26 |
| cpp-richedit | small | 13 | 0 | 82.46 | 79.5 | 85.2 | 78.5 | 4.2 | 74.6 | 59.7 | 39.0 | 3.6 | 15.0 | 1.0 | 0.25 |
| litehtml-sciter-litehtml | small | 13 | 0 | 86.5 | 89.5 | 103.1 | 85.1 | 7.2 | 63.8 | 54.8 | 85.9 | 79.3 | 39.7 | 1.0 | 1.79 |
| cpp-richedit-full | small | 13 | 0 | 90.01 | 89.9 | 92.9 | 84.6 | 4.0 | 84.4 | 65.3 | 62.5 | 3.9 | 17.6 | 1.0 | 0.25 |
| blitz-full | small | 13 | 0 | 109.57 | 107.6 | 109.5 | 102.2 | 3.8 | 100.5 | 69.2 | 85.9 | 15.8 | 33.0 | 1.0 | 8.0 |
| blitz | small | 13 | 0 | 125.11 | 110.7 | 135.6 | 103.9 | 605.3 | 104.5 | 71.6 | 78.1 | 15.8 | 33.1 | 1.0 | 8.0 |
| rust-gpu-iced-tinyskia | small | 13 | 0 | 124.56 | 119.6 | 123.9 | 117.7 | 4.2 | 114.5 | 86.6 | 125.0 | 23.4 | 39.2 | 1.0 | 7.78 |
| avalonia | small | 13 | 0 | 135.57 | 131.8 | 136.2 | 123.4 | 6.0 | 109.3 | 87.7 | 78.1 | 26.8 | 49.6 | 1.0 | 31.26 |
| qt-full | small | 13 | 0 | 137.58 | 136.6 | 150.0 | 129.4 | 8.4 | 126.2 | 99.8 | 109.4 | 12.0 | 36.8 | 1.0 | 20.12 |
| qt | small | 13 | 0 | 214.22 | 140.6 | 150.9 | 133.9 | 7.7 | 131.6 | 106.1 | 109.4 | 12.1 | 36.8 | 1.0 | 20.12 |
| avalonia-exe | small | 13 | 0 | 160.45 | 149.3 | 155.1 | 148.0 | 5.1 | 130.9 | 108.4 | 93.8 | 26.8 | 49.2 | 1.0 | 31.17 |
| qt-dll | small | 13 | 0 | 154.79 | 149.5 | 164.1 | 142.5 | 595.5 | 140.9 | 115.2 | 132.8 | 66.5 | 42.5 | 1.0 | 26.8 |
| cpp-d2d-gpu | small | 13 | 0 | 241.96 | 231.6 | 239.0 | 225.1 | 6.0 | 48.9 | 41.1 | 218.8 | 123.2 | 54.0 | 1.0 | 0.4 |
| litehtml-sciter-litehtml-gpu | small | 13 | 0 | 248.04 | 241.2 | 247.4 | 234.8 | 6.6 | 235.7 | 48.8 | 203.1 | 73.4 | 52.5 | 1.0 | 1.79 |
| wpf-hw | small | 13 | 0 | 321.47 | 291.1 | 308.0 | 275.2 | 10.8 | 280.1 | 231.1 | 476.6 | 133.8 | 107.4 | 1.0 | 1.75 |
| wpf | small | 13 | 0 | 288.32 | 295.0 | 306.8 | 270.5 | 13.3 | 284.1 | 229.7 | 414.0 | 107.6 | 93.5 | 1.0 | 1.75 |
| winui3 | small | 13 | 0 | 310.03 | 302.4 | 304.3 | 291.1 | 6.3 | 122.9 | 118.7 | 359.4 | 155.1 | 95.8 | 1.0 | 58.08 |
| litehtml-sciter-sciter | small | 13 | 0 | 335.49 | 319.3 | 335.3 | 312.5 | 7.8 | 302.7 | 296.3 | 250.0 | 136.1 | 60.6 | 1.0 | 18.75 |
| rust-gpu-egui-wgpu | small | 13 | 0 | 330.94 | 323.3 | 329.9 | 306.8 | 8.7 | 92.1 | 67.4 | 265.6 | 381.9 | 89.0 | 1.0 | 7.54 |
| avalonia-gpu | small | 13 | 0 | 333.5 | 334.6 | 354.9 | 317.1 | 14.7 | 278.1 | 256.9 | 312.5 | 164.4 | 94.0 | 1.0 | 31.26 |
| wpf-apphost | small | 13 | 0 | 382.52 | 336.2 | 345.6 | 320.4 | 10.1 | 327.5 | 274.2 | 421.9 | 53.8 | 93.7 | 1.0 | 1.75 |
| winui3-r2r | small | 13 | 0 | 382.23 | 362.4 | 370.3 | 353.3 | 7.1 | 207.9 | 204.3 | 453.1 | 160.9 | 127.0 | 1.0 | 100.77 |
| winui3-fluent | small | 13 | 0 | 460.23 | 425.5 | 436.1 | 415.4 | 7.7 | 332.8 | 326.6 | 421.9 | 165.1 | 109.0 | 1.0 | 59.37 |
| cpp-webview2 | small | 13 | 0 | 457.89 | 428.6 | 444.2 | 407.4 | 14.6 | 81.7 | 55.3 | 765.6 | 144.1 | 21.5 | 5.0 | 0.52 |
| cpp-webview2-default | small | 13 | 0 | 459.54 | 445.1 | 461.5 | 430.1 | 12.1 | 76.1 | 51.5 | 1046.8 | 180.1 | 21.5 | 7.0 | 0.52 |
| ext-notepad | small | 13 | 0 | 599.93 | 464.5 | 507.2 | 454.3 | 22.2 |  | 464.5 | 640.6 | 91.7 |  | 2.0 |  |
| rust-webview | small | 13 | 0 | 519.4 | 468.5 | 479.8 | 441.2 | 17.2 | 86.8 | 59.7 | 1195.3 | 178.5 | 26.2 | 7.0 | 2.46 |
| rust-webview-tao | small | 13 | 0 | 495.96 | 470.0 | 482.7 | 451.9 | 11.1 | 204.9 | 69.2 | 1289.0 | 178.9 | 26.9 | 7.0 | 2.46 |
| winui3-webview2 | small | 13 | 0 | 516.75 | 479.2 | 492.0 | 466.8 | 12.7 | 129.3 | 125.5 | 1109.4 | 275.8 | 94.9 | 5.0 | 58.08 |
| wpf-plain | small | 13 | 0 | 515.91 | 488.9 | 495.4 | 472.1 | 7.7 | 479.6 | 403.5 | 546.9 | 79.9 | 111.8 | 1.0 | 0.67 |
| avalonia-stock | small | 13 | 0 | 587.59 | 570.3 | 591.8 | 545.3 | 614.9 | 488.9 | 466.8 | 570.3 | 169.2 | 121.8 | 1.0 | 37.47 |
| rust-webview-tauri | small | 13 | 0 | 670.25 | 590.6 | 618.4 | 570.0 | 23.7 | 508.2 | 67.2 | 1226.6 | 186.6 | 29.1 | 7.0 | 5.64 |
| electron | small | 13 | 0 | 807.51 | 726.9 | 733.7 | 721.8 | 4.9 | 622.1 | 597.6 | 453.1 | 89.9 | 100.8 | 3.0 | 323.54 |
| blitz-gpu | small | 13 | 0 | 745.86 | 742.4 | 757.4 | 721.3 | 12.5 | 735.7 | 93.0 | 625.0 | 221.0 | 98.7 | 1.0 | 10.51 |
| electron-gpu | small | 13 | 0 | 823.92 | 805.0 | 849.1 | 795.6 | 609.7 | 623.0 | 597.5 | 703.1 | 172.9 | 98.5 | 4.0 | 323.54 |
| electron-default | small | 13 | 0 | 866.98 | 853.1 | 863.1 | 835.7 | 9.8 | 726.5 | 702.7 | 796.9 | 184.7 | 113.8 | 4.0 | 367.59 |
| ext-vscode | small | 13 | 0 | 1182.97 | 1158.2 | 1199.6 | 1094.9 | 35.8 |  | 1158.2 | 1601.6 | 332.1 |  | 5.0 | 1264.29 |
| ext-void | small | 13 | 0 | 1604.18 | 1442.5 | 1465.4 | 1403.0 | 614.6 |  | 1442.5 | 1789.1 | 352.3 |  | 4.0 | 448.54 |
| ext-cursor | small | 13 | 0 | 2549.25 | 2337.6 | 2365.6 | 2300.7 | 22.3 |  | 2337.6 | 3156.2 | 639.0 |  | 8.0 | 782.08 |

saved bench\results\final\main.json
